Công nghệ,Máy tính,Laptop,['Laptop']
Công nghệ,Máy tính,Màn hình,['Màn hình']
Công nghệ,Thiết bị di động,Máy tính bảng,['Máy tính bảng']
Công nghệ,Thiết bị di động,Điện thoại di động,['Điện thoại di động']
Giày dép,Dép nam,Dép bít mũi,['Dép bít mũi']
Giày dép,Dép nam,Dép nam khác,['Dép nam khác']
Giày dép,Dép nam,Dép nhựa nam,['Dép nhựa nam']
Giày dép,Dép nam,"Dép quai ngang, chéo nam","['Dép quai ngang, chéo nam']"
Giày dép,Dép nam,Dép xỏ ngón nam,['Dép xỏ ngón nam']
Giày dép,Dép nữ,"Dép cao gót, guốc","['Dép cao gót, guốc']"
Giày dép,Dép nữ,Dép mang trong nhà,['Dép mang trong nhà']
Giày dép,Dép nữ,Dép nhựa nữ,['Dép nhựa nữ']
Giày dép,Dép nữ,Dép nữ khác,['Dép nữ khác']
Giày dép,Dép nữ,"Dép quai ngang, chéo nữ","['Dép quai ngang, chéo nữ']"
Giày dép,Dép nữ,"Dép xỏ ngón, kẹp nữ","['Dép xỏ ngón, kẹp nữ']"
Giày dép,Giày nam,Giày bốt nam,['Giày bốt nam']
Giày dép,Giày nam,"Giày lười, giày mọi nam","['Giày lười, giày mọi nam']"
Giày dép,Giày nam,Giày nam khác,['Giày nam khác']
Giày dép,Giày nam,Giày nhựa nam,['Giày nhựa nam']
Giày dép,Giày nam,Giày sandal nam,['Giày sandal nam']
Giày dép,Giày nam,Giày sneaker nam,['Giày sneaker nam']
Giày dép,Giày nam,Giày tây,['Giày tây']
Giày dép,Giày nam,Giày tăng chiều cao,['Giày tăng chiều cao']
Giày dép,Giày nam,Giày đế cao,['Giày đế cao']
Giày dép,Giày nữ,Giày Oxford nữ,['Giày Oxford nữ']
Giày dép,Giày nữ,Giày bánh mì,['Giày bánh mì']
Giày dép,Giày nữ,Giày búp bê,['Giày búp bê']
Giày dép,Giày nữ,Giày bốt nữ,['Giày bốt nữ']
Giày dép,Giày nữ,Giày cao gót,['Giày cao gót']
Giày dép,Giày nữ,Giày chiến binh,['Giày chiến binh']
Giày dép,Giày nữ,"Giày mọi, slip on nữ","['Giày mọi, slip on nữ']"
Giày dép,Giày nữ,Giày nhựa nữ,['Giày nhựa nữ']
Giày dép,Giày nữ,Giày nữ khác,['Giày nữ khác']
Giày dép,Giày nữ,Giày sandal nữ,['Giày sandal nữ']
Giày dép,Giày nữ,Giày sneaker nữ,['Giày sneaker nữ']
Giày dép,Giày nữ,Giày đế xuồng,['Giày đế xuồng']
Giày dép,Giày thể thao chuyên dụng,Giày thể thao khác,['Giày thể thao khác']
Giày dép,Giày thể thao chuyên dụng,Giày thể thao nam,['Giày thể thao nam']
Giày dép,Giày thể thao chuyên dụng,Giày thể thao nữ,['Giày thể thao nữ']
Giày dép,Giày thể thao chuyên dụng,Giày đinh,['Giày đinh']
Giày dép,Phụ kiện giày dép,Chất để bảo quản giày,['Chất để bảo quản giày']
Giày dép,Phụ kiện giày dép,Dây giày,['Dây giày']
Giày dép,Phụ kiện giày dép,Miếng lót giày,['Miếng lót giày']
Giày dép,Phụ kiện giày dép,Phụ kiện giày dép khác,['Phụ kiện giày dép khác']
Không gian sống,"Quà tặng, hàng thủ công",Bật lửa,['Bật lửa']
Không gian sống,"Quà tặng, hàng thủ công",Gối các loại,['Gối các loại']
Không gian sống,"Quà tặng, hàng thủ công",Móc khóa,['Móc khóa']
Không gian sống,"Quà tặng, hàng thủ công",Sản phẩm handmade,['Sản phẩm handmade']
Không gian sống,"Quà tặng, hàng thủ công",Sản phẩm khác,['Sản phẩm khác']
Không gian sống,"Quà tặng, hàng thủ công",Thiệp chúc mừng,['Thiệp chúc mừng']
Không gian sống,"Quà tặng, hàng thủ công",Vật dụng thú nuôi,['Vật dụng thú nuôi']
Không gian sống,"Quà tặng, hàng thủ công",Vật liệu handmade,['Vật liệu handmade']
Không gian sống,Trang trí bàn ,"Bình, lọ, chậu","['Bình, lọ, chậu']"
Không gian sống,Trang trí bàn ,"Chân nến, lò đốt tinh dầu","['Chân nến, lò đốt tinh dầu']"
Không gian sống,Trang trí bàn ,Chặn giấy,['Chặn giấy']
Không gian sống,Trang trí bàn ,Hộp card visit ,['Hộp card visit ']
Không gian sống,Trang trí bàn ,Khung hình,['Khung hình']
Không gian sống,Trang trí bàn ,Khử mùi,['Khử mùi']
Không gian sống,Trang trí bàn ,"Kệ, hộp bút","['Kệ, hộp bút']"
Không gian sống,Trang trí bàn ,"Ly, tách","['Ly, tách']"
Không gian sống,Trang trí bàn ,Lịch để bàn,['Lịch để bàn']
Không gian sống,Trang trí bàn ,Nến thơm,['Nến thơm']
Không gian sống,Trang trí bàn ,Sản phẩm khác,['Sản phẩm khác']
Không gian sống,Trang trí bàn ,Tinh dầu xông phòng,['Tinh dầu xông phòng']
Không gian sống,Trang trí bàn ,Trang trí để bàn khác,['Trang trí để bàn khác']
Không gian sống,Trang trí bàn ,"Tấm lót, vỏ bọc trang trí","['Tấm lót, vỏ bọc trang trí']"
Không gian sống,Trang trí bàn ,Đèn,['Đèn']
Không gian sống,Trang trí bàn ,Đồng hồ để bàn,['Đồng hồ để bàn']
Không gian sống,Trang trí nhà cửa,"Băng rôn, bảng chữ trang trí ","['Băng rôn, bảng chữ trang trí ']"
Không gian sống,Trang trí nhà cửa,Chuông gió,['Chuông gió']
Không gian sống,Trang trí nhà cửa,"Cây, hoa trang trí","['Cây, hoa trang trí']"
Không gian sống,Trang trí nhà cửa,Decal trang trí,['Decal trang trí']
Không gian sống,Trang trí nhà cửa,Khung hình,['Khung hình']
Không gian sống,Trang trí nhà cửa,Lịch trang trí ,['Lịch trang trí ']
Không gian sống,Trang trí nhà cửa,Sản phẩm khác,['Sản phẩm khác']
Không gian sống,Trang trí nhà cửa,Tranh,['Tranh']
Không gian sống,Trang trí nhà cửa,Tranh chữ thập,['Tranh chữ thập']
Không gian sống,Trang trí nhà cửa,Đồng hồ,['Đồng hồ']
Không gian sống,Trang trí tường,Khung hình,['Khung hình']
Mẹ và bé,"Bỉm, tã, vệ sinh","Bỉm, tã","['Bỉm, tã']"
Mẹ và bé,"Bỉm, tã, vệ sinh",Giấy ướt,['Giấy ướt']
Mẹ và bé,"Bỉm, tã, vệ sinh",Miếng lót chống thấm,['Miếng lót chống thấm']
Mẹ và bé,"Bỉm, tã, vệ sinh",Sản phẩm khác,['Sản phẩm khác']
Mẹ và bé,"Bỉm, tã, vệ sinh",Vệ sinh chân tay,['Vệ sinh chân tay']
Mẹ và bé,"Bỉm, tã, vệ sinh",Vệ sinh chăm sóc răng miệng,['Vệ sinh chăm sóc răng miệng']
Mẹ và bé,"Bỉm, tã, vệ sinh",Đồ dùng nhà vệ sinh,['Đồ dùng nhà vệ sinh']
Mẹ và bé,Chăm sóc sức khỏe và an toàn,"Bịt ổ điện, bịt góc bàn","['Bịt ổ điện, bịt góc bàn']"
Mẹ và bé,Chăm sóc sức khỏe và an toàn,Chặn cửa,['Chặn cửa']
Mẹ và bé,Chăm sóc sức khỏe và an toàn,Chống muỗi và côn trùng,['Chống muỗi và côn trùng']
Mẹ và bé,Chăm sóc sức khỏe và an toàn,Các loại dầu,['Các loại dầu']
Mẹ và bé,Chăm sóc sức khỏe và an toàn,Cân sức khỏe,['Cân sức khỏe']
Mẹ và bé,Chăm sóc sức khỏe và an toàn,Dụng cụ hút mũi,['Dụng cụ hút mũi']
Mẹ và bé,Chăm sóc sức khỏe và an toàn,"Kem hăm, dưỡng da, phấn rôm","['Kem hăm, dưỡng da, phấn rôm']"
Mẹ và bé,Chăm sóc sức khỏe và an toàn,Nhiệt kế,['Nhiệt kế']
Mẹ và bé,Chăm sóc sức khỏe và an toàn,Sản phẩm khác,['Sản phẩm khác']
Mẹ và bé,Chăm sóc sức khỏe và an toàn,Vitamin,['Vitamin']
Mẹ và bé,Dụng cụ ăn uống,"Cốc, bát, thìa, dĩa","['Cốc, bát, thìa, dĩa']"
Mẹ và bé,Dụng cụ ăn uống,Ghế tập ăn,['Ghế tập ăn']
Mẹ và bé,Dụng cụ ăn uống,"Ly, bình tập uống","['Ly, bình tập uống']"
Mẹ và bé,Dụng cụ ăn uống,Máy hâm sữa,['Máy hâm sữa']
Mẹ và bé,Dụng cụ ăn uống,Máy tiệt trùng,['Máy tiệt trùng']
Mẹ và bé,Dụng cụ ăn uống,Túi ủ bình sữa,['Túi ủ bình sữa']
Mẹ và bé,Dụng cụ ăn uống,Vệ sinh dụng cụ ăn uống,['Vệ sinh dụng cụ ăn uống']
Mẹ và bé,Dụng cụ ăn uống,Yếm và khăn ăn,['Yếm và khăn ăn']
Mẹ và bé,Dụng cụ ăn uống,Đồ dùng ăn dặm,['Đồ dùng ăn dặm']
Mẹ và bé,Phụ kiện cho bé,"Balo, túi xách, vali","['Balo, túi xách, vali']"
Mẹ và bé,Phụ kiện cho bé,Khác,['Khác']
Mẹ và bé,Phụ kiện cho bé,Khăn quàng cổ,['Khăn quàng cổ']
Mẹ và bé,Phụ kiện cho bé,Kính,['Kính']
Mẹ và bé,Phụ kiện cho bé,Kính bơi và phụ kiện bơi,['Kính bơi và phụ kiện bơi']
Mẹ và bé,Phụ kiện cho bé,Nón,['Nón']
Mẹ và bé,Phụ kiện cho bé,Phụ kiện tóc,['Phụ kiện tóc']
Mẹ và bé,Phụ kiện cho bé,Trang sức,['Trang sức']
Mẹ và bé,Phụ kiện cho bé,"Vớ, bao tay, thắt lưng","['Vớ, bao tay, thắt lưng']"
Mẹ và bé,Phụ kiện cho bé,Áo mưa và phụ kiện đi mưa,['Áo mưa và phụ kiện đi mưa']
Mẹ và bé,Quần áo sơ sinh,"Bao tay, chân","['Bao tay, chân']"
Mẹ và bé,Quần áo sơ sinh,Body,['Body']
Mẹ và bé,Quần áo sơ sinh,Bộ ,['Bộ ']
Mẹ và bé,Quần áo sơ sinh,Giày tập đi,['Giày tập đi']
Mẹ và bé,Quần áo sơ sinh,Khác,['Khác']
Mẹ và bé,Quần áo sơ sinh,"Khăn cuộn, choàng","['Khăn cuộn, choàng']"
Mẹ và bé,Quần áo sơ sinh,Khăn sữa,['Khăn sữa']
Mẹ và bé,Quần áo sơ sinh,"Quần, chân váy","['Quần, chân váy']"
Mẹ và bé,Quần áo sơ sinh,Áo,['Áo']
Mẹ và bé,Quần áo sơ sinh,Áo khoác,['Áo khoác']
Mẹ và bé,Quần áo sơ sinh,Đầm,['Đầm']
Mẹ và bé,Sữa và thức ăn dặm,Bánh ăn dặm,['Bánh ăn dặm']
Mẹ và bé,Sữa và thức ăn dặm,"Bột, cháo ăn dặm","['Bột, cháo ăn dặm']"
Mẹ và bé,Sữa và thức ăn dặm,Các sản phẩm khác ,['Các sản phẩm khác ']
Mẹ và bé,Sữa và thức ăn dặm,Dầu ăn dặm,['Dầu ăn dặm']
Mẹ và bé,Sữa và thức ăn dặm,Sữa cho mẹ bầu,['Sữa cho mẹ bầu']
Mẹ và bé,Sữa và thức ăn dặm,Sữa công thức,['Sữa công thức']
Mẹ và bé,Sữa và thức ăn dặm,Sữa nước,['Sữa nước']
Mẹ và bé,Sữa và thức ăn dặm,Vitamin,['Vitamin']
Mẹ và bé,Sữa và thức ăn dặm,"Váng sữa, sữa chua","['Váng sữa, sữa chua']"
Mẹ và bé,Thời trang bé gái,Bộ ,['Bộ ']
Mẹ và bé,Thời trang bé gái,Chân váy,['Chân váy']
Mẹ và bé,Thời trang bé gái,"Giầy, dép","['Giầy, dép']"
Mẹ và bé,Thời trang bé gái,Jumpsuit,['Jumpsuit']
Mẹ và bé,Thời trang bé gái,Quần dài,['Quần dài']
Mẹ và bé,Thời trang bé gái,Quần ngắn,['Quần ngắn']
Mẹ và bé,Thời trang bé gái,Sản phẩm khác,['Sản phẩm khác']
Mẹ và bé,Thời trang bé gái,Áo khoác,['Áo khoác']
Mẹ và bé,Thời trang bé gái,Áo sơ mi,['Áo sơ mi']
Mẹ và bé,Thời trang bé gái,Áo thun,['Áo thun']
Mẹ và bé,Thời trang bé gái,Đầm,['Đầm']
Mẹ và bé,Thời trang bé gái,Đồ bơi,['Đồ bơi']
Mẹ và bé,Thời trang bé gái,Đồ lót,['Đồ lót']
Mẹ và bé,Thời trang bé trai,Bộ ,['Bộ ']
Mẹ và bé,Thời trang bé trai,"Giày, dép","['Giày, dép']"
Mẹ và bé,Thời trang bé trai,Khác,['Khác']
Mẹ và bé,Thời trang bé trai,Quần dài,['Quần dài']
Mẹ và bé,Thời trang bé trai,Quần ngắn,['Quần ngắn']
Mẹ và bé,Thời trang bé trai,Áo khoác,['Áo khoác']
Mẹ và bé,Thời trang bé trai,Áo polo,['Áo polo']
Mẹ và bé,Thời trang bé trai,Áo sơ mi,['Áo sơ mi']
Mẹ và bé,Thời trang bé trai,Áo thun,['Áo thun']
Mẹ và bé,Thời trang bé trai,Đồ bơi,['Đồ bơi']
Mẹ và bé,Thời trang bé trai,Đồ lót,['Đồ lót']
Mẹ và bé,Thời trang gia đình,Bộ đôi ,['Bộ đôi ']
Mẹ và bé,Thời trang gia đình,Áo gia đình,['Áo gia đình']
Mẹ và bé,Thời trang gia đình,Đầm đôi,['Đầm đôi']
Mẹ và bé,Thời trang mẹ bầu,Gối ôm,['Gối ôm']
Mẹ và bé,Thời trang mẹ bầu,Kem trị rạn da,['Kem trị rạn da']
Mẹ và bé,Thời trang mẹ bầu,Khác,['Khác']
Mẹ và bé,Thời trang mẹ bầu,Quần bầu,['Quần bầu']
Mẹ và bé,Thời trang mẹ bầu,Vitamin,['Vitamin']
Mẹ và bé,Thời trang mẹ bầu,Áo bầu,['Áo bầu']
Mẹ và bé,Thời trang mẹ bầu,Đầm bầu,['Đầm bầu']
Mẹ và bé,Thời trang mẹ bầu,Đồ bộ bầu,['Đồ bộ bầu']
Mẹ và bé,Thời trang mẹ bầu,Đồ lót,['Đồ lót']
Mẹ và bé,Đồ cho bé ra ngoài,Ghế xe máy,['Ghế xe máy']
Mẹ và bé,Đồ cho bé ra ngoài,Ghế ôtô,['Ghế ôtô']
Mẹ và bé,Đồ cho bé ra ngoài,Sản phẩm khác,['Sản phẩm khác']
Mẹ và bé,Đồ cho bé ra ngoài,Túi đựng đồ cho bé,['Túi đựng đồ cho bé']
Mẹ và bé,Đồ cho bé ra ngoài,Xe tập đi,['Xe tập đi']
Mẹ và bé,Đồ cho bé ra ngoài,Xe đẩy,['Xe đẩy']
Mẹ và bé,Đồ cho bé ra ngoài,Địu,['Địu']
Mẹ và bé,Đồ dùng cho mẹ sau khi sinh,Chăm sóc núm vú,['Chăm sóc núm vú']
Mẹ và bé,Đồ dùng cho mẹ sau khi sinh,"Dầu gội, sữa tắm khô","['Dầu gội, sữa tắm khô']"
Mẹ và bé,Đồ dùng cho mẹ sau khi sinh,Kem bôi trị nứt đầu ti,['Kem bôi trị nứt đầu ti']
Mẹ và bé,Đồ dùng cho mẹ sau khi sinh,Miếng lót thấm sữa,['Miếng lót thấm sữa']
Mẹ và bé,Đồ dùng cho mẹ sau khi sinh,Máy hút sữa,['Máy hút sữa']
Mẹ và bé,Đồ dùng cho mẹ sau khi sinh,Trà lợi sữa,['Trà lợi sữa']
Mẹ và bé,Đồ dùng cho mẹ sau khi sinh,"Túi, bình trữ sữa","['Túi, bình trữ sữa']"
Mẹ và bé,Đồ dùng cho mẹ sau khi sinh,Áo ngực cho con bú,['Áo ngực cho con bú']
Mẹ và bé,Đồ dùng cho mẹ trước khi sinh,Gối ôm,['Gối ôm']
Mẹ và bé,Đồ dùng cho mẹ trước khi sinh,Kem trị rạn da,['Kem trị rạn da']
Mẹ và bé,Đồ dùng cho mẹ trước khi sinh,Khác,['Khác']
Mẹ và bé,Đồ dùng cho mẹ trước khi sinh,Quần bầu,['Quần bầu']
Mẹ và bé,Đồ dùng cho mẹ trước khi sinh,Tai nghe,['Tai nghe']
Mẹ và bé,Đồ dùng cho mẹ trước khi sinh,Vitamin,['Vitamin']
Mẹ và bé,Đồ dùng cho mẹ trước khi sinh,Áo bầu,['Áo bầu']
Mẹ và bé,Đồ dùng cho mẹ trước khi sinh,Đầm bầu,['Đầm bầu']
Mẹ và bé,Đồ dùng cho mẹ trước khi sinh,Đồ bộ bầu,['Đồ bộ bầu']
Mẹ và bé,Đồ dùng cho mẹ trước khi sinh,Đồ lót,['Đồ lót']
Mẹ và bé,Đồ dùng phòng ngủ,Chăn,['Chăn']
Mẹ và bé,Đồ dùng phòng ngủ,"Giường, cũi, nôi","['Giường, cũi, nôi']"
Mẹ và bé,Đồ dùng phòng ngủ,Gối chặn,['Gối chặn']
Mẹ và bé,Đồ dùng phòng ngủ,Máy báo khóc,['Máy báo khóc']
Mẹ và bé,Đồ dùng phòng ngủ,Máy tạo độ ẩm,['Máy tạo độ ẩm']
Mẹ và bé,Đồ dùng phòng ngủ,"Mùng, màn, chụp em bé","['Mùng, màn, chụp em bé']"
Mẹ và bé,Đồ dùng phòng ngủ,"Treo cũi, thảm chơi, ghế rung","['Treo cũi, thảm chơi, ghế rung']"
Mẹ và bé,Đồ dùng phòng tắm,"Bột giặt, nước xả","['Bột giặt, nước xả']"
Mẹ và bé,Đồ dùng phòng tắm,Chậu tắm và phụ kiện tắm,['Chậu tắm và phụ kiện tắm']
Mẹ và bé,Đồ dùng phòng tắm,"Khăn mặt, khăn tắm","['Khăn mặt, khăn tắm']"
Mẹ và bé,Đồ dùng phòng tắm,Sản phẩm khác,['Sản phẩm khác']
Mẹ và bé,Đồ dùng phòng tắm,"Sữa tắm, dầu gội","['Sữa tắm, dầu gội']"
Mẹ và bé,Đồ dùng phòng tắm,Đo nhiệt độ nước tắm,['Đo nhiệt độ nước tắm']
Mẹ và bé,Đồ dùng phòng tắm,Đồ chơi phòng tắm,['Đồ chơi phòng tắm']
Mỹ phẩm,Trang điểm mặt,Kem lót ,['Kem lót ']
Phụ kiện công nghệ,Phụ kiện Máy tính,"Balô, túi chống sốc laptop","['Balô, túi chống sốc laptop']"
Phụ kiện công nghệ,Phụ kiện Máy tính,Bàn phím,['Bàn phím']
Phụ kiện công nghệ,Phụ kiện Máy tính,Chuột,['Chuột']
Phụ kiện công nghệ,Phụ kiện Máy tính,"Cáp kết nối, cáp truyền dữ liệu","['Cáp kết nối, cáp truyền dữ liệu']"
Phụ kiện công nghệ,Phụ kiện Máy tính,Hub USB,['Hub USB']
Phụ kiện công nghệ,Phụ kiện Máy tính,Hộp đựng ổ cứng,['Hộp đựng ổ cứng']
Phụ kiện công nghệ,Phụ kiện Máy tính,Phụ kiện khác,['Phụ kiện khác']
Phụ kiện công nghệ,Phụ kiện Máy tính,Pin laptop,['Pin laptop']
Phụ kiện công nghệ,Phụ kiện Máy tính,Sạc laptop,['Sạc laptop']
Phụ kiện công nghệ,Phụ kiện Máy tính,Thiết bị lưu trữ,['Thiết bị lưu trữ']
Phụ kiện công nghệ,Phụ kiện Máy tính,USB,['USB']
Phụ kiện công nghệ,Phụ kiện Máy tính,USB 3G,['USB 3G']
Phụ kiện công nghệ,Phụ kiện Máy tính,Webcam,['Webcam']
Phụ kiện công nghệ,Phụ kiện Máy tính,Đế tản nhiệt laptop,['Đế tản nhiệt laptop']
Phụ kiện công nghệ,"Phụ kiện Máy tính, Laptop","Balô, túi chống sốc laptop","['Balô, túi chống sốc laptop']"
Phụ kiện công nghệ,"Phụ kiện Máy tính, Laptop",Bàn phím,['Bàn phím']
Phụ kiện công nghệ,"Phụ kiện Máy tính, Laptop",Chuột,['Chuột']
Phụ kiện công nghệ,"Phụ kiện Máy tính, Laptop","Cáp kết nối, cáp truyền dữ liệu","['Cáp kết nối, cáp truyền dữ liệu']"
Phụ kiện công nghệ,"Phụ kiện Máy tính, Laptop",Hub USB,['Hub USB']
Phụ kiện công nghệ,"Phụ kiện Máy tính, Laptop",Hộp đựng ổ cứng,['Hộp đựng ổ cứng']
Phụ kiện công nghệ,"Phụ kiện Máy tính, Laptop",Phụ kiện khác,['Phụ kiện khác']
Phụ kiện công nghệ,"Phụ kiện Máy tính, Laptop",Pin laptop,['Pin laptop']
Phụ kiện công nghệ,"Phụ kiện Máy tính, Laptop",Sạc laptop,['Sạc laptop']
Phụ kiện công nghệ,"Phụ kiện Máy tính, Laptop",Thiết bị lưu trữ,['Thiết bị lưu trữ']
Phụ kiện công nghệ,"Phụ kiện Máy tính, Laptop",USB,['USB']
Phụ kiện công nghệ,"Phụ kiện Máy tính, Laptop",USB 3G,['USB 3G']
Phụ kiện công nghệ,"Phụ kiện Máy tính, Laptop",Webcam,['Webcam']
Phụ kiện công nghệ,"Phụ kiện Máy tính, Laptop",Đế tản nhiệt laptop,['Đế tản nhiệt laptop']
Phụ kiện công nghệ,"Phụ kiện TV, Máy chiếu","Cổng chia, gộp, chuyển tín hiệu TV","['Cổng chia, gộp, chuyển tín hiệu TV']"
Phụ kiện công nghệ,"Phụ kiện TV, Máy chiếu","Dây cáp TV, máy chiếu","['Dây cáp TV, máy chiếu']"
Phụ kiện công nghệ,"Phụ kiện TV, Máy chiếu","Máy chiếu, màn hình máy chiếu","['Máy chiếu, màn hình máy chiếu']"
Phụ kiện công nghệ,"Phụ kiện TV, Máy chiếu",Phụ kiện TV khác,['Phụ kiện TV khác']
Phụ kiện công nghệ,"Phụ kiện TV, Máy chiếu",Remote TV,['Remote TV']
Phụ kiện công nghệ,"Phụ kiện TV, Máy chiếu",TV box,['TV box']
Phụ kiện công nghệ,"Phụ kiện TV, Máy chiếu",Thiết bị kết nối không dây với TV,['Thiết bị kết nối không dây với TV']
Phụ kiện công nghệ,"Phụ kiện TV, Máy chiếu","Đầu thu kỹ thuật số, vệ tinh","['Đầu thu kỹ thuật số, vệ tinh']"
Phụ kiện công nghệ,"Phụ kiện máy ảnh, máy quay",Battery grip,['Battery grip']
Phụ kiện công nghệ,"Phụ kiện máy ảnh, máy quay","Dây đeo, Handtrap","['Dây đeo, Handtrap']"
Phụ kiện công nghệ,"Phụ kiện máy ảnh, máy quay","Filter, kính lọc","['Filter, kính lọc']"
Phụ kiện công nghệ,"Phụ kiện máy ảnh, máy quay","Mount, Adapter, Collar","['Mount, Adapter, Collar']"
Phụ kiện công nghệ,"Phụ kiện máy ảnh, máy quay",Phụ kiện khác,['Phụ kiện khác']
Phụ kiện công nghệ,"Phụ kiện máy ảnh, máy quay","Pin, sạc","['Pin, sạc']"
Phụ kiện công nghệ,"Phụ kiện máy ảnh, máy quay","Remote , dây bấm mềm","['Remote , dây bấm mềm']"
Phụ kiện công nghệ,"Phụ kiện máy ảnh, máy quay",Thiết bị chụp Macro,['Thiết bị chụp Macro']
Phụ kiện công nghệ,"Phụ kiện máy ảnh, máy quay",Thiết bị hỗ trợ phòng chụp,['Thiết bị hỗ trợ phòng chụp']
Phụ kiện công nghệ,"Phụ kiện máy ảnh, máy quay",Thiết bị ngoài trời,['Thiết bị ngoài trời']
Phụ kiện công nghệ,"Phụ kiện máy ảnh, máy quay",Thẻ nhớ máy ảnh,['Thẻ nhớ máy ảnh']
Phụ kiện công nghệ,"Phụ kiện máy ảnh, máy quay","Tripod, Monopod","['Tripod, Monopod']"
Phụ kiện công nghệ,"Phụ kiện máy ảnh, máy quay",Túi và balo ,['Túi và balo\xa0']
Phụ kiện công nghệ,"Phụ kiện máy ảnh, máy quay",Đèn flash,['Đèn flash']
Phụ kiện công nghệ,"Phụ kiện máy ảnh, máy quay",Đèn led video,['Đèn led video']
Phụ kiện công nghệ,"Phụ kiện máy ảnh, máy quay",Ống kính - Lens,['Ống kính - Lens']
Phụ kiện công nghệ,"Phụ kiện máy ảnh, máy quay",Ống nhòm,['Ống nhòm']
Phụ kiện công nghệ,"Phụ kiện máy ảnh, máy quay phim","Dây đeo, Handtrap","['Dây đeo, Handtrap']"
Phụ kiện công nghệ,"Phụ kiện máy ảnh, máy quay phim","Filter, kính lọc","['Filter, kính lọc']"
Phụ kiện công nghệ,"Phụ kiện máy ảnh, máy quay phim","Mount, Adapter, Collar","['Mount, Adapter, Collar']"
Phụ kiện công nghệ,"Phụ kiện máy ảnh, máy quay phim",Phụ kiện khác,['Phụ kiện khác']
Phụ kiện công nghệ,"Phụ kiện máy ảnh, máy quay phim","Pin, sạc","['Pin, sạc']"
Phụ kiện công nghệ,"Phụ kiện máy ảnh, máy quay phim","Remote , dây bấm mềm","['Remote , dây bấm mềm']"
Phụ kiện công nghệ,"Phụ kiện máy ảnh, máy quay phim",Thiết bị hỗ trợ phòng chụp,['Thiết bị hỗ trợ phòng chụp']
Phụ kiện công nghệ,"Phụ kiện máy ảnh, máy quay phim",Thiết bị ngoài trời,['Thiết bị ngoài trời']
Phụ kiện công nghệ,"Phụ kiện máy ảnh, máy quay phim","Tripod, Monopod","['Tripod, Monopod']"
Phụ kiện công nghệ,"Phụ kiện máy ảnh, máy quay phim",Túi và balo ,['Túi và balo\xa0']
Phụ kiện công nghệ,"Phụ kiện máy ảnh, máy quay phim",Đèn flash,['Đèn flash']
Phụ kiện công nghệ,"Phụ kiện máy ảnh, máy quay phim",Đèn led video,['Đèn led video']
Phụ kiện công nghệ,"Phụ kiện máy ảnh, máy quay phim",Ống kính - Lens,['Ống kính - Lens']
Phụ kiện công nghệ,"Phụ kiện máy ảnh, máy quay phim",Ống nhòm,['Ống nhòm']
Phụ kiện công nghệ,Phụ kiện Điện thoại,Bàn phím máy tính bảng,['Bàn phím máy tính bảng']
Phụ kiện công nghệ,Phụ kiện Điện thoại,"Bộ sạc pin, sạc đa năng","['Bộ sạc pin, sạc đa năng']"
Phụ kiện công nghệ,Phụ kiện Điện thoại,"Case, bao da máy tính bảng","['Case, bao da máy tính bảng']"
Phụ kiện công nghệ,Phụ kiện Điện thoại,"Case, bao da điện thoại di động","['Case, bao da điện thoại di động']"
Phụ kiện công nghệ,Phụ kiện Điện thoại,"Cáp sạc, cáp truyền dữ liệu","['Cáp sạc, cáp truyền dữ liệu']"
Phụ kiện công nghệ,Phụ kiện Điện thoại,"Giá đỡ, đế kẹp","['Giá đỡ, đế kẹp']"
Phụ kiện công nghệ,Phụ kiện Điện thoại,Gậy selfie,['Gậy selfie']
Phụ kiện công nghệ,Phụ kiện Điện thoại,Lens chụp hình,['Lens chụp hình']
Phụ kiện công nghệ,Phụ kiện Điện thoại,"Miếng dán bảo vệ, trang trí","['Miếng dán bảo vệ, trang trí']"
Phụ kiện công nghệ,Phụ kiện Điện thoại,Phụ kiện khác,['Phụ kiện khác']
Phụ kiện công nghệ,Phụ kiện Điện thoại,Pin sạc dự phòng,['Pin sạc dự phòng']
Phụ kiện công nghệ,Phụ kiện Điện thoại,Pin điện thoại di động,['Pin điện thoại di động']
Phụ kiện công nghệ,Phụ kiện Điện thoại,SIM điện thoại,['SIM điện thoại']
Phụ kiện công nghệ,Phụ kiện Điện thoại,Thẻ nhớ,['Thẻ nhớ']
Phụ kiện công nghệ,Phụ kiện Điện thoại,Túi bảo vệ,['Túi bảo vệ']
Phụ kiện công nghệ,Phụ kiện Điện thoại,Đầu đọc thẻ nhớ,['Đầu đọc thẻ nhớ']
Phụ kiện công nghệ,"Phụ kiện Điện thoại, Tablet",Bàn phím máy tính bảng,['Bàn phím máy tính bảng']
Phụ kiện công nghệ,"Phụ kiện Điện thoại, Tablet","Bộ sạc pin, sạc đa năng","['Bộ sạc pin, sạc đa năng']"
Phụ kiện công nghệ,"Phụ kiện Điện thoại, Tablet","Case, bao da máy tính bảng","['Case, bao da máy tính bảng']"
Phụ kiện công nghệ,"Phụ kiện Điện thoại, Tablet","Case, bao da điện thoại di động","['Case, bao da điện thoại di động']"
Phụ kiện công nghệ,"Phụ kiện Điện thoại, Tablet","Cáp sạc, cáp truyền dữ liệu","['Cáp sạc, cáp truyền dữ liệu']"
Phụ kiện công nghệ,"Phụ kiện Điện thoại, Tablet","Giá đỡ, đế kẹp","['Giá đỡ, đế kẹp']"
Phụ kiện công nghệ,"Phụ kiện Điện thoại, Tablet",Gậy selfie,['Gậy selfie']
Phụ kiện công nghệ,"Phụ kiện Điện thoại, Tablet",Lens chụp hình,['Lens chụp hình']
Phụ kiện công nghệ,"Phụ kiện Điện thoại, Tablet","Miếng dán bảo vệ, trang trí","['Miếng dán bảo vệ, trang trí']"
Phụ kiện công nghệ,"Phụ kiện Điện thoại, Tablet",Phụ kiện khác,['Phụ kiện khác']
Phụ kiện công nghệ,"Phụ kiện Điện thoại, Tablet",Pin sạc dự phòng,['Pin sạc dự phòng']
Phụ kiện công nghệ,"Phụ kiện Điện thoại, Tablet",Pin điện thoại di động,['Pin điện thoại di động']
Phụ kiện công nghệ,"Phụ kiện Điện thoại, Tablet",SIM điện thoại,['SIM điện thoại']
Phụ kiện công nghệ,"Phụ kiện Điện thoại, Tablet",Thẻ nhớ,['Thẻ nhớ']
Phụ kiện công nghệ,"Phụ kiện Điện thoại, Tablet",Túi bảo vệ,['Túi bảo vệ']
Phụ kiện công nghệ,"Phụ kiện Điện thoại, Tablet",Đầu đọc thẻ nhớ,['Đầu đọc thẻ nhớ']
Phụ kiện công nghệ,Thiết bị công nghệ,Mắt kính thông minh,['Mắt kính thông minh']
Phụ kiện công nghệ,Thiết bị công nghệ,"Thiết bị theo dõi sức khỏe, vận động","['Thiết bị theo dõi sức khỏe, vận động']"
Phụ kiện công nghệ,Thiết bị mạng,Hub - Switch,['Hub - Switch']
Phụ kiện công nghệ,Thiết bị mạng,Modems,['Modems']
Phụ kiện công nghệ,Thiết bị mạng,Router,['Router']
Phụ kiện công nghệ,Thiết bị mạng,Thiết bị không dây,['Thiết bị không dây']
Phụ kiện công nghệ,Thiết bị mạng,Thiết bị phát sóng WiFi 3G,['Thiết bị phát sóng WiFi 3G']
Phụ kiện công nghệ,Thiết bị âm thanh,Loa,['Loa']
Phụ kiện công nghệ,Thiết bị âm thanh,Micro,['Micro']
Phụ kiện công nghệ,Thiết bị âm thanh,Máy ghi âm,['Máy ghi âm']
Phụ kiện công nghệ,Thiết bị âm thanh,Máy nghe nhạc,['Máy nghe nhạc']
Phụ kiện công nghệ,Thiết bị âm thanh,Phụ kiện âm thanh,['Phụ kiện âm thanh']
Phụ kiện công nghệ,Thiết bị âm thanh,Tai nghe,['Tai nghe']
Phụ kiện công nghệ,Thiết bị đeo công nghệ,Mắt kính thông minh,['Mắt kính thông minh']
Phụ kiện công nghệ,Thiết bị đeo công nghệ,"Thiết bị theo dõi sức khỏe, vận động","['Thiết bị theo dõi sức khỏe, vận động']"
Phụ kiện thời trang,Kính,Gọng kính,['Gọng kính']
Phụ kiện thời trang,Kính,Kính cận,['Kính cận']
Phụ kiện thời trang,Kính,"Kính râm, kính mát","['Kính râm, kính mát']"
Phụ kiện thời trang,Kính,Phụ kiện kính,['Phụ kiện kính']
Phụ kiện thời trang,Nón,Nón khác,['Nón khác']
Phụ kiện thời trang,Nón,"Nón kết, nón lưỡi trai","['Nón kết, nón lưỡi trai']"
Phụ kiện thời trang,Nón,Nón vành,['Nón vành']
Phụ kiện thời trang,Nón bảo hiểm,Nón bảo hiểm hở mặt,['Nón bảo hiểm hở mặt']
Phụ kiện thời trang,Nón bảo hiểm,Nón bảo hiểm nửa đầu,['Nón bảo hiểm nửa đầu']
Phụ kiện thời trang,Phụ kiện nam,"Cà vạt, nơ, cài áo","['Cà vạt, nơ, cài áo']"
Phụ kiện thời trang,Phụ kiện nam,Găng tay,['Găng tay']
Phụ kiện thời trang,Phụ kiện nam,Khăn,['Khăn']
Phụ kiện thời trang,Phụ kiện nam,Phụ kiện nam khác,['Phụ kiện nam khác']
Phụ kiện thời trang,Phụ kiện nam,"Vớ, tất","['Vớ, tất']"
Phụ kiện thời trang,Phụ kiện nữ,Cài áo,['Cài áo']
Phụ kiện thời trang,Phụ kiện nữ,Găng tay,['Găng tay']
Phụ kiện thời trang,Phụ kiện nữ,Khăn,['Khăn']
Phụ kiện thời trang,Phụ kiện nữ,Phụ kiện nữ khác,['Phụ kiện nữ khác']
Phụ kiện thời trang,Phụ kiện nữ,"Vớ, tất","['Vớ, tất']"
Phụ kiện thời trang,Phụ kiện tóc,Băng đô,['Băng đô']
Phụ kiện thời trang,Phụ kiện tóc,Cài tóc,['Cài tóc']
Phụ kiện thời trang,Phụ kiện tóc,Cột tóc,['Cột tóc']
Phụ kiện thời trang,Phụ kiện tóc,Kẹp tóc,['Kẹp tóc']
Phụ kiện thời trang,Phụ kiện tóc,Phụ kiện tóc khác,['Phụ kiện tóc khác']
Phụ kiện thời trang,Thắt lưng,Thắt lưng bản nhỏ,['Thắt lưng bản nhỏ']
Phụ kiện thời trang,Thắt lưng,Thắt lưng bản to,['Thắt lưng bản to']
Phụ kiện thời trang,Trang sức nam,Bông tai,['Bông tai']
Phụ kiện thời trang,Trang sức nam,Dây chuyền,['Dây chuyền']
Phụ kiện thời trang,Trang sức nam,Nhẫn,['Nhẫn']
Phụ kiện thời trang,Trang sức nam,Vòng tay,['Vòng tay']
Phụ kiện thời trang,Trang sức nữ,Bông tai,['Bông tai']
Phụ kiện thời trang,Trang sức nữ,Bộ trang sức,['Bộ trang sức']
Phụ kiện thời trang,Trang sức nữ,Dây chuyền,['Dây chuyền']
Phụ kiện thời trang,Trang sức nữ,Lắc chân,['Lắc chân']
Phụ kiện thời trang,Trang sức nữ,Nhẫn,['Nhẫn']
Phụ kiện thời trang,Trang sức nữ,Trang sức nữ khác,['Trang sức nữ khác']
Phụ kiện thời trang,Trang sức nữ,Vòng tay,['Vòng tay']
Sức khỏe & Làm đẹp,Chăm sóc da nữ,Bộ mỹ phẩm chăm sóc da,['Bộ mỹ phẩm chăm sóc da']
Sức khỏe & Làm đẹp,Chăm sóc da nữ,Kem chống nắng,['Kem chống nắng']
Sức khỏe & Làm đẹp,Chăm sóc da nữ,Kem dưỡng da,['Kem dưỡng da']
Sức khỏe & Làm đẹp,Chăm sóc da nữ,Kem dưỡng mắt,['Kem dưỡng mắt']
Sức khỏe & Làm đẹp,Chăm sóc da nữ,Kem dưỡng ẩm,['Kem dưỡng ẩm']
Sức khỏe & Làm đẹp,Chăm sóc da nữ,Kem làm trắng,['Kem làm trắng']
Sức khỏe & Làm đẹp,Chăm sóc da nữ,"Kem lột, trị mụn","['Kem lột, trị mụn']"
Sức khỏe & Làm đẹp,Chăm sóc da nữ,Mặt nạ dưỡng da,['Mặt nạ dưỡng da']
Sức khỏe & Làm đẹp,Chăm sóc da nữ,Nước hoa hồng,['Nước hoa hồng']
Sức khỏe & Làm đẹp,Chăm sóc da nữ,Sản phẩm khác,['Sản phẩm khác']
Sức khỏe & Làm đẹp,Chăm sóc da nữ,Sữa rửa mặt,['Sữa rửa mặt']
Sức khỏe & Làm đẹp,Chăm sóc da nữ,Tẩy trang,['Tẩy trang']
Sức khỏe & Làm đẹp,Chăm sóc da nữ,Xịt khoáng,['Xịt khoáng']
Sức khỏe & Làm đẹp,Chăm sóc móng,Dụng cụ chăm sóc móng,['Dụng cụ chăm sóc móng']
Sức khỏe & Làm đẹp,Chăm sóc móng,Sơn bóng dưỡng,['Sơn bóng dưỡng']
Sức khỏe & Làm đẹp,Chăm sóc móng,Sơn màu,['Sơn màu']
Sức khỏe & Làm đẹp,Mỹ phẩm nam,Dầu gội,['Dầu gội']
Sức khỏe & Làm đẹp,Mỹ phẩm nam,Sản phẩm dưỡng da,['Sản phẩm dưỡng da']
Sức khỏe & Làm đẹp,Mỹ phẩm nam,Sản phẩm khác,['Sản phẩm khác']
Sức khỏe & Làm đẹp,Mỹ phẩm nam,Sản phẩm khử mùi,['Sản phẩm khử mùi']
Sức khỏe & Làm đẹp,Mỹ phẩm nam,Sữa rửa mặt,['Sữa rửa mặt']
Sức khỏe & Làm đẹp,Mỹ phẩm nam,"Sữa tắm, xà bông","['Sữa tắm, xà bông']"
Sức khỏe & Làm đẹp,Mỹ phẩm nam,Thuốc mọc râu tóc,['Thuốc mọc râu tóc']
Sức khỏe & Làm đẹp,Mỹ phẩm nam,kem trị mụn,['kem trị mụn']
Sức khỏe & Làm đẹp,Nước hoa,Bộ sản phẩm,['Bộ sản phẩm']
Sức khỏe & Làm đẹp,Nước hoa,Nước hoa nam,['Nước hoa nam']
Sức khỏe & Làm đẹp,Nước hoa,Nước hoa nữ,['Nước hoa nữ']
Sức khỏe & Làm đẹp,Nước hoa,Xịt toàn thân,['Xịt toàn thân']
Sức khỏe & Làm đẹp,Phụ kiện trang điểm,Cọ và các dụng cụ trang điểm,['Cọ và các dụng cụ trang điểm']
Sức khỏe & Làm đẹp,Phụ kiện trang điểm,Kính áp tròng,['Kính áp tròng']
Sức khỏe & Làm đẹp,Phụ kiện trang điểm,"Mi giả, dán mí, khung kẻ mày","['Mi giả, dán mí, khung kẻ mày']"
Sức khỏe & Làm đẹp,Phụ kiện trang điểm,Phụ kiện trang điểm khác,['Phụ kiện trang điểm khác']
Sức khỏe & Làm đẹp,Sản phẩm hỗ trợ tình dục,Bao cao su,['Bao cao su']
Sức khỏe & Làm đẹp,Sản phẩm hỗ trợ tình dục,Bổ sung tăng cường,['Bổ sung tăng cường']
Sức khỏe & Làm đẹp,Sản phẩm hỗ trợ tình dục,Dầu xoa và mát-xa cơ thể,['Dầu xoa và mát-xa cơ thể']
Sức khỏe & Làm đẹp,Sản phẩm hỗ trợ tình dục,Sản phẩm bôi trơn,['Sản phẩm bôi trơn']
Sức khỏe & Làm đẹp,Thiết bị chăm sóc cá nhân,Dụng cụ làm đẹp,['Dụng cụ làm đẹp']
Sức khỏe & Làm đẹp,Thiết bị chăm sóc cá nhân,"Miếng dán tan mỡ, đai nịt bụng","['Miếng dán tan mỡ, đai nịt bụng']"
Sức khỏe & Làm đẹp,Thiết bị chăm sóc cá nhân,"Máy cạo râu, lông","['Máy cạo râu, lông']"
Sức khỏe & Làm đẹp,Thiết bị chăm sóc cá nhân,Máy massage và giảm béo,['Máy massage và giảm béo']
Sức khỏe & Làm đẹp,Thiết bị chăm sóc cá nhân,Máy tạo kiểu tóc,['Máy tạo kiểu tóc']
Sức khỏe & Làm đẹp,Thiết bị chăm sóc cá nhân,Thiết bị chăm sóc khác,['Thiết bị chăm sóc khác']
Sức khỏe & Làm đẹp,Thiết bị y tế,Các xét nghiệm y tế,['Các xét nghiệm y tế']
Sức khỏe & Làm đẹp,Thiết bị y tế,Dụng cụ chăm sóc sức khỏe khác,['Dụng cụ chăm sóc sức khỏe khác']
Sức khỏe & Làm đẹp,Thiết bị y tế,Máy xông mũi họng,['Máy xông mũi họng']
Sức khỏe & Làm đẹp,Thiết bị y tế,Máy đo huyết áp,['Máy đo huyết áp']
Sức khỏe & Làm đẹp,Thiết bị y tế,Máy đo đường huyết,['Máy đo đường huyết']
Sức khỏe & Làm đẹp,Thiết bị y tế,Nhiệt kế,['Nhiệt kế']
Sức khỏe & Làm đẹp,Thực phẩm bổ dưỡng,"Nhân sâm, hồng sâm","['Nhân sâm, hồng sâm']"
Sức khỏe & Làm đẹp,Thực phẩm bổ dưỡng,Nấm linh chi,['Nấm linh chi']
Sức khỏe & Làm đẹp,Thực phẩm bổ dưỡng,Thực phẩm bổ dưỡng khác,['Thực phẩm bổ dưỡng khác']
Sức khỏe & Làm đẹp,Thực phẩm bổ dưỡng,"Tổ yến, yến sào","['Tổ yến, yến sào']"
Sức khỏe & Làm đẹp,Thực phẩm bổ dưỡng,Đông trùng hạ thảo,['Đông trùng hạ thảo']
Sức khỏe & Làm đẹp,Thực phẩm chức năng,Chăm sóc sắc đẹp,['Chăm sóc sắc đẹp']
Sức khỏe & Làm đẹp,Thực phẩm chức năng,"Chăm sóc sức khỏe, vitamin","['Chăm sóc sức khỏe, vitamin']"
Sức khỏe & Làm đẹp,Thực phẩm chức năng,Collagen,['Collagen']
Sức khỏe & Làm đẹp,Thực phẩm chức năng,"Dinh dưỡng thể thao, protein","['Dinh dưỡng thể thao, protein']"
Sức khỏe & Làm đẹp,Thực phẩm chức năng,Giảm cân,['Giảm cân']
Sức khỏe & Làm đẹp,Thực phẩm chức năng,Nhau thai cừu,['Nhau thai cừu']
Sức khỏe & Làm đẹp,Thực phẩm chức năng,Sản phẩm khác,['Sản phẩm khác']
Sức khỏe & Làm đẹp,Thực phẩm chức năng,Sữa ong chúa,['Sữa ong chúa']
Sức khỏe & Làm đẹp,Trang điểm môi,Chăm sóc môi,['Chăm sóc môi']
Sức khỏe & Làm đẹp,Trang điểm môi,Son bóng,['Son bóng']
Sức khỏe & Làm đẹp,Trang điểm môi,Son dưỡng,['Son dưỡng']
Sức khỏe & Làm đẹp,Trang điểm môi,Son thỏi,['Son thỏi']
Sức khỏe & Làm đẹp,Trang điểm môi,Son tint,['Son tint']
Sức khỏe & Làm đẹp,Trang điểm mắt,Kẻ lông mày,['Kẻ lông mày']
Sức khỏe & Làm đẹp,Trang điểm mắt,Kẻ mắt,['Kẻ mắt']
Sức khỏe & Làm đẹp,Trang điểm mắt,Mascara,['Mascara']
Sức khỏe & Làm đẹp,Trang điểm mắt,Phấn mắt,['Phấn mắt']
Sức khỏe & Làm đẹp,Trang điểm mắt,"Serum mọc mi, dưỡng mi","['Serum mọc mi, dưỡng mi']"
Sức khỏe & Làm đẹp,Trang điểm mặt,BB cream và CC cream,['BB cream và CC cream']
Sức khỏe & Làm đẹp,Trang điểm mặt,Kem che khuyết điểm,['Kem che khuyết điểm']
Sức khỏe & Làm đẹp,Trang điểm mặt,Kem lót,['Kem lót']
Sức khỏe & Làm đẹp,Trang điểm mặt,Phấn má,['Phấn má']
Sức khỏe & Làm đẹp,Trang điểm mặt,Phấn nền,['Phấn nền']
Sức khỏe & Làm đẹp,Trang điểm mặt,Phấn phủ,['Phấn phủ']
Sức khỏe & Làm đẹp,Trang điểm mặt,Phấn tạo khối và highlight,['Phấn tạo khối và highlight']
Sức khỏe & Làm đẹp,Tóc,Bộ gội và xả tóc,['Bộ gội và xả tóc']
Sức khỏe & Làm đẹp,Tóc,Dưỡng tóc,['Dưỡng tóc']
Sức khỏe & Làm đẹp,Tóc,Gel tạo kiểu tóc,['Gel tạo kiểu tóc']
Sức khỏe & Làm đẹp,Tóc,"Kem ủ, hấp tóc","['Kem ủ, hấp tóc']"
Sức khỏe & Làm đẹp,Tóc,Phụ kiện tóc,['Phụ kiện tóc']
Sức khỏe & Làm đẹp,Tóc,Thuốc nhuộm tóc,['Thuốc nhuộm tóc']
Sức khỏe & Làm đẹp,Tóc,Tóc giả nam,['Tóc giả nam']
Sức khỏe & Làm đẹp,Tóc,Tóc giả nữ,['Tóc giả nữ']
Sức khỏe & Làm đẹp,Tắm và chăm sóc cơ thể,Chăm sóc răng miệng,['Chăm sóc răng miệng']
Sức khỏe & Làm đẹp,Tắm và chăm sóc cơ thể,"Dầu nóng, dầu massage","['Dầu nóng, dầu massage']"
Sức khỏe & Làm đẹp,Tắm và chăm sóc cơ thể,Kem chăm sóc ngực,['Kem chăm sóc ngực']
Sức khỏe & Làm đẹp,Tắm và chăm sóc cơ thể,Kem tan mỡ,['Kem tan mỡ']
Sức khỏe & Làm đẹp,Tắm và chăm sóc cơ thể,Kem wax,['Kem wax']
Sức khỏe & Làm đẹp,Tắm và chăm sóc cơ thể,Sản phẩm khử mùi,['Sản phẩm khử mùi']
Sức khỏe & Làm đẹp,Tắm và chăm sóc cơ thể,Sữa tắm,['Sữa tắm']
Sức khỏe & Làm đẹp,Tắm và chăm sóc cơ thể,Tinh dầu,['Tinh dầu']
Sức khỏe & Làm đẹp,Tắm và chăm sóc cơ thể,"Tất, vớ phun","['Tất, vớ phun']"
Sức khỏe & Làm đẹp,Tắm và chăm sóc cơ thể,Tẩy tế bào chết,['Tẩy tế bào chết']
Sức khỏe & Làm đẹp,Tắm và chăm sóc cơ thể,Xà phòng,['Xà phòng']
Thể thao & giải trí,Bóng bàn,Cốt vợt bóng bàn (Blade),['Cốt vợt bóng bàn (Blade)']
Thể thao & giải trí,Bóng bàn,Dụng cụ bóng bàn khác,['Dụng cụ bóng bàn khác']
Thể thao & giải trí,Bóng bàn,Vợt bóng bàn,['Vợt bóng bàn']
Thể thao & giải trí,Bóng rổ,Dụng cụ bóng rổ khác,['Dụng cụ bóng rổ khác']
Thể thao & giải trí,Bóng rổ,Quả bóng rổ,['Quả bóng rổ']
Thể thao & giải trí,Bóng đá,Dụng cụ bóng đá khác,['Dụng cụ bóng đá khác']
Thể thao & giải trí,Bóng đá,Găng tay thủ môn,['Găng tay thủ môn']
Thể thao & giải trí,Bóng đá,Quả bóng đá,['Quả bóng đá']
Thể thao & giải trí,Bóng đá,Túi dựng bóng,['Túi dựng bóng']
Thể thao & giải trí,Bơi lội,Chân vịt,['Chân vịt']
Thể thao & giải trí,Bơi lội,Dụng cụ bơi lội khác,['Dụng cụ bơi lội khác']
Thể thao & giải trí,Bơi lội,Kính bơi,['Kính bơi']
Thể thao & giải trí,Bơi lội,Mặt nạ,['Mặt nạ']
Thể thao & giải trí,Bơi lội,Nón bơi,['Nón bơi']
Thể thao & giải trí,Bơi lội,"Phao, áo phao","['Phao, áo phao']"
Thể thao & giải trí,Bơi lội,Ống thở,['Ống thở']
Thể thao & giải trí,Cầu lông,Quả cầu lông,['Quả cầu lông']
Thể thao & giải trí,Cầu lông,Vợt cầu lông,['Vợt cầu lông']
Thể thao & giải trí,Dụng cụ hỗ trợ an toàn,Bảo vệ khuỷu tay và đầu gối,['Bảo vệ khuỷu tay và đầu gối']
Thể thao & giải trí,Dụng cụ hỗ trợ an toàn,Hỗ trợ cổ tay,['Hỗ trợ cổ tay']
Thể thao & giải trí,Dụng cụ hỗ trợ an toàn,Hỗ trợ lưng,['Hỗ trợ lưng']
Thể thao & giải trí,Dụng cụ hỗ trợ an toàn,Hỗ trợ mắt cá chân,['Hỗ trợ mắt cá chân']
Thể thao & giải trí,Dụng cụ hỗ trợ an toàn,Hỗ trợ ống chân,['Hỗ trợ ống chân']
Thể thao & giải trí,Dụng cụ hỗ trợ an toàn,Mũ bảo hiểm,['Mũ bảo hiểm']
Thể thao & giải trí,"Dụng cụ, thiết bị tập thể dục",Dàn tập tạ,['Dàn tập tạ']
Thể thao & giải trí,"Dụng cụ, thiết bị tập thể dục",Dụng cụ tập lắc eo,['Dụng cụ tập lắc eo']
Thể thao & giải trí,"Dụng cụ, thiết bị tập thể dục",Dụng cụ tập thể dục khác,['Dụng cụ tập thể dục khác']
Thể thao & giải trí,"Dụng cụ, thiết bị tập thể dục","Dụng cụ, máy tập bụng","['Dụng cụ, máy tập bụng']"
Thể thao & giải trí,"Dụng cụ, thiết bị tập thể dục",Máy tập chạy bộ,['Máy tập chạy bộ']
Thể thao & giải trí,"Dụng cụ, thiết bị tập thể dục",Máy tập đa năng,['Máy tập đa năng']
Thể thao & giải trí,"Dụng cụ, thiết bị tập thể dục",Máy tập đạp xe,['Máy tập đạp xe']
Thể thao & giải trí,"Dụng cụ, thiết bị tập thể dục",Xà đơn,['Xà đơn']
Thể thao & giải trí,Găng tay thể thao,Găng tay lái xe,['Găng tay lái xe']
Thể thao & giải trí,Găng tay thể thao,Găng tay tập thể hình,['Găng tay tập thể hình']
Thể thao & giải trí,Hỗ trợ an toàn,Bảo hiểm,['Bảo hiểm']
Thể thao & giải trí,Hỗ trợ an toàn,Bảo vệ khuỷu tay và đầu gối,['Bảo vệ khuỷu tay và đầu gối']
Thể thao & giải trí,Hỗ trợ an toàn,Hỗ trợ cổ tay,['Hỗ trợ cổ tay']
Thể thao & giải trí,Hỗ trợ an toàn,Hỗ trợ lưng,['Hỗ trợ lưng']
Thể thao & giải trí,Hỗ trợ an toàn,Hỗ trợ mắt cá chân,['Hỗ trợ mắt cá chân']
Thể thao & giải trí,Hỗ trợ an toàn,Hỗ trợ ống chân,['Hỗ trợ ống chân']
Thể thao & giải trí,Hỗ trợ an toàn,Mũ bảo hiểm,['Mũ bảo hiểm']
Thể thao & giải trí,"Leo núi, cắm trại",Bộ dụng cụ đa năng,['Bộ dụng cụ đa năng']
Thể thao & giải trí,"Leo núi, cắm trại",Ghế cắm trại,['Ghế cắm trại']
Thể thao & giải trí,Phụ kiện xe đạp,Bình nước xe đạp,['Bình nước xe đạp']
Thể thao & giải trí,Phụ kiện xe đạp,Bơm bánh xe đạp,['Bơm bánh xe đạp']
Thể thao & giải trí,Phụ kiện xe đạp,Khóa xe đạp,['Khóa xe đạp']
Thể thao & giải trí,Phụ kiện xe đạp,Phụ kiện xe đạp khác,['Phụ kiện xe đạp khác']
Thể thao & giải trí,Phụ kiện xe đạp,Trang phục bảo hộ (bảo hiểm),['Trang phục bảo hộ (bảo hiểm)']
Thể thao & giải trí,Phụ kiện xe đạp,Túi đeo trên xe đạp,['Túi đeo trên xe đạp']
Thể thao & giải trí,Phụ kiện xe đạp,Đèn xe đạp,['Đèn xe đạp']
Thể thao & giải trí,Phụ kiện xe đạp,Đồng hồ đo tốc độ xe đạp,['Đồng hồ đo tốc độ xe đạp']
Thể thao & giải trí,Phụ tùng xe đạp,Bàn đạp (Pedan) xe đạp,['Bàn đạp (Pedan) xe đạp']
Thể thao & giải trí,Phụ tùng xe đạp,Bộ dĩa chính xe đạp,['Bộ dĩa chính xe đạp']
Thể thao & giải trí,Phụ tùng xe đạp,Chân chống xe đạp,['Chân chống xe đạp']
Thể thao & giải trí,Phụ tùng xe đạp,Giảm xóc xe đạp,['Giảm xóc xe đạp']
Thể thao & giải trí,Phụ tùng xe đạp,Khung xe đạp,['Khung xe đạp']
Thể thao & giải trí,Phụ tùng xe đạp,"Lip ,đùm xe đạp","['Lip ,đùm xe đạp']"
Thể thao & giải trí,Phụ tùng xe đạp,"Lốp, vỏ xe đạp","['Lốp, vỏ xe đạp']"
Thể thao & giải trí,Phụ tùng xe đạp,"Phanh, thắng xe đạp","['Phanh, thắng xe đạp']"
Thể thao & giải trí,Phụ tùng xe đạp,Phụ tùng xe đạp khác,['Phụ tùng xe đạp khác']
Thể thao & giải trí,Phụ tùng xe đạp,Pô tăng,['Pô tăng']
Thể thao & giải trí,Phụ tùng xe đạp,"Săm, ruột xe đạp","['Săm, ruột xe đạp']"
Thể thao & giải trí,Phụ tùng xe đạp,Tay lái xe đạp,['Tay lái xe đạp']
Thể thao & giải trí,Phụ tùng xe đạp,Yên xe đạp,['Yên xe đạp']
Thể thao & giải trí,Tennis,Bóng tennis,['Bóng tennis']
Thể thao & giải trí,Tennis,Túi đựng vợt tennis,['Túi đựng vợt tennis']
Thể thao & giải trí,Tennis,Vợt tennis,['Vợt tennis']
Thể thao & giải trí,Thể dục thể hình,Dụng cụ thể dục thể hình khác,['Dụng cụ thể dục thể hình khác']
Thể thao & giải trí,Thể dục thể hình,Dụng cụ tập bụng,['Dụng cụ tập bụng']
Thể thao & giải trí,"Võ thuật, Yoga",Dụng cụ tập luyện,['Dụng cụ tập luyện']
Thể thao & giải trí,"Võ thuật, Yoga",Dụng cụ võ thuật khác,['Dụng cụ võ thuật khác']
Thể thao & giải trí,"Võ thuật, Yoga",Yoga,['Yoga']
Thể thao & giải trí,Xe đạp,Xe đạp BMX,['Xe đạp BMX']
Thể thao & giải trí,Xe đạp,Xe đạp thông dụng,['Xe đạp thông dụng']
Thể thao & giải trí,Xe đạp,Xe đạp trẻ em,['Xe đạp trẻ em']
Thể thao & giải trí,Xe đạp,Xe đạp xếp,['Xe đạp xếp']
Thể thao & giải trí,Xe đạp,Xe đạp điện,['Xe đạp điện']
Thể thao & giải trí,Xe đạp,Xe đạp đường trường,['Xe đạp đường trường']
Thể thao & giải trí,Xe đạp,Xe đạp địa hình,['Xe đạp địa hình']
Thời trang nam,"Giày, dép nam",Dép,['Dép']
Thời trang nam,Phụ kiện,"Cà vạt, nơ, cài áo","['Cà vạt, nơ, cài áo']"
Thời trang nam,Phụ kiện,Găng tay,['Găng tay']
Thời trang nam,Phụ kiện,Khăn,['Khăn']
Thời trang nam,Phụ kiện,Mắt kính,['Mắt kính']
Thời trang nam,Phụ kiện,Nón,['Nón']
Thời trang nam,Phụ kiện,Nón bảo hiểm,['Nón bảo hiểm']
Thời trang nam,Phụ kiện,Phụ kiện khác,['Phụ kiện khác']
Thời trang nam,Phụ kiện,Thắt lưng,['Thắt lưng']
Thời trang nam,Phụ kiện,Trang sức,['Trang sức']
Thời trang nam,Phụ kiện,"Vớ, tất","['Vớ, tất']"
Thời trang nam,Quần jeans nam,Quần jeans ống côn skinny,['Quần jeans ống côn skinny']
Thời trang nam,Quần jeans nam,Quần jeans ống suông,['Quần jeans ống suông']
Thời trang nam,"Quần kaki, quần tây nam",Quần kaki,['Quần kaki']
Thời trang nam,"Quần kaki, quần tây nam",Quần tây nam,['Quần tây nam']
Thời trang nam,Quần kiểu nam,Quần jogger,['Quần jogger']
Thời trang nam,Quần kiểu nam,Quần kiểu khác,['Quần kiểu khác']
Thời trang nam,Quần kiểu nam,Quần đáy thụng,['Quần đáy thụng']
Thời trang nam,Quần nam,Quần jean,['Quần jean']
Thời trang nam,Quần shorts nam,Quần shorts jeans,['Quần shorts jeans']
Thời trang nam,Quần shorts nam,Quần shorts kaki,['Quần shorts kaki']
Thời trang nam,Quần shorts nam,Quần shorts khác,['Quần shorts khác']
Thời trang nam,Quần shorts nam,Quần shorts thun,['Quần shorts thun']
Thời trang nam,Quần áo thể thao nam,Bộ quần áo thể thao,['Bộ quần áo thể thao']
Thời trang nam,Quần áo thể thao nam,Phụ kiện thể thao,['Phụ kiện thể thao']
Thời trang nam,Quần áo thể thao nam,Quần bơi,['Quần bơi']
Thời trang nam,Quần áo thể thao nam,"Quần thể thao, tập gym","['Quần thể thao, tập gym']"
Thời trang nam,Quần áo thể thao nam,"Áo thể thao, tập gym","['Áo thể thao, tập gym']"
Thời trang nam,Áo khoác nam,Áo khoác chống nắng,['Áo khoác chống nắng']
Thời trang nam,Áo khoác nam,Áo khoác có mũ,['Áo khoác có mũ']
Thời trang nam,Áo khoác nam,"Áo khoác da, da lộn","['Áo khoác da, da lộn']"
Thời trang nam,Áo khoác nam,Áo khoác dù,['Áo khoác dù']
Thời trang nam,Áo khoác nam,"Áo khoác dạ, măng tô","['Áo khoác dạ, măng tô']"
Thời trang nam,Áo khoác nam,Áo khoác jeans,['Áo khoác jeans']
Thời trang nam,Áo khoác nam,Áo khoác kaki,['Áo khoác kaki']
Thời trang nam,Áo khoác nam,Áo khoác khác,['Áo khoác khác']
Thời trang nam,Áo khoác nam,"Áo khoác len, cardigan","['Áo khoác len, cardigan']"
Thời trang nam,Áo khoác nam,Áo khoác nỉ,['Áo khoác nỉ']
Thời trang nam,Áo khoác nam,Áo khoác phao,['Áo khoác phao']
Thời trang nam,Áo khoác nam,Áo khoác thể thao,['Áo khoác thể thao']
Thời trang nam,Áo sơ mi nam,Sơ mi tay dài,['Sơ mi tay dài']
Thời trang nam,Áo sơ mi nam,Sơ mi tay ngắn,['Sơ mi tay ngắn']
Thời trang nam,"Áo thun, áo polo nam","Áo len, áo lạnh","['Áo len, áo lạnh']"
Thời trang nam,"Áo thun, áo polo nam",Áo polo có cổ,['Áo polo có cổ']
Thời trang nam,"Áo thun, áo polo nam",Áo thun 3 lỗ,['Áo thun 3 lỗ']
Thời trang nam,"Áo thun, áo polo nam",Áo thun dài tay,['Áo thun dài tay']
Thời trang nam,"Áo thun, áo polo nam",Áo thun không cổ,['Áo thun không cổ']
Thời trang nam,"Áo thun, áo polo nam",Áo thun ngắn tay không cổ,['Áo thun ngắn tay không cổ']
Thời trang nam,"Áo vest, blazer",Bộ đồ vest,['Bộ đồ vest']
Thời trang nam,"Áo vest, blazer",Áo blazer,['Áo blazer']
Thời trang nam,"Áo vest, blazer",Áo ghi lê,['Áo ghi lê']
Thời trang nam,"Áo vest, blazer",Áo vest,['Áo vest']
Thời trang nam,Đồ lót và ngủ,Boxer,['Boxer']
Thời trang nam,Đồ lót và ngủ,"Pyjama, đồ ngủ","['Pyjama, đồ ngủ']"
Thời trang nam,Đồ lót và ngủ,Quần lót,['Quần lót']
Thời trang nam,Đồ lót và ngủ,Áo lót,['Áo lót']
Thời trang nam,"￁o vest, blazer",￁o vest,['\uffc1o vest']
Thời trang nữ,Chân váy,Sản phẩm khác,['Sản phẩm khác']
Thời trang nữ,Chân váy,Váy bút chì,['Váy bút chì']
Thời trang nữ,Chân váy,Váy chữ A,['Váy chữ A']
Thời trang nữ,Chân váy,Váy dài,['Váy dài']
Thời trang nữ,Chân váy,Váy ngắn,['Váy ngắn']
Thời trang nữ,Chân váy,Váy thể thao,['Váy thể thao']
Thời trang nữ,Chân váy,Váy xòe,['Váy xòe']
Thời trang nữ,Chân váy,Váy xếp ly,['Váy xếp ly']
Thời trang nữ,Chân váy,Váy yếm,['Váy yếm']
Thời trang nữ,Phụ kiện,Cài áo,['Cài áo']
Thời trang nữ,Phụ kiện,Găng tay,['Găng tay']
Thời trang nữ,Phụ kiện,Khăn choàng,['Khăn choàng']
Thời trang nữ,Phụ kiện,Kính nữ,['Kính nữ']
Thời trang nữ,Phụ kiện,Nón kết,['Nón kết']
Thời trang nữ,Phụ kiện,Nón rộng vành,['Nón rộng vành']
Thời trang nữ,Phụ kiện,Phụ kiện tóc,['Phụ kiện tóc']
Thời trang nữ,Phụ kiện,Sản phẩm khác,['Sản phẩm khác']
Thời trang nữ,Phụ kiện,Thắt lưng,['Thắt lưng']
Thời trang nữ,Phụ kiện,Túi xách,['Túi xách']
Thời trang nữ,Phụ kiện,Tất,['Tất']
Thời trang nữ,Quần baggy rách,Áo sơ mi,['Áo sơ mi']
Thời trang nữ,Quần nữ,Quần jean,['Quần jean']
Thời trang nữ,Quần nữ,Quần kaki,['Quần kaki']
Thời trang nữ,Quần nữ,Quần legging,['Quần legging']
Thời trang nữ,Quần nữ,Quần lửng nữ,['Quần lửng nữ']
Thời trang nữ,Quần nữ,Quần ngắn,['Quần ngắn']
Thời trang nữ,Quần nữ,Quần shorts,['Quần shorts']
Thời trang nữ,Quần nữ,Quần thể thao,['Quần thể thao']
Thời trang nữ,Quần nữ,Quần thời trang,['Quần thời trang']
Thời trang nữ,Quần nữ,Quần tây,['Quần tây']
Thời trang nữ,Quần nữ,Quần yếm,['Quần yếm']
Thời trang nữ,Quần nữ,Sản phẩm khác,['Sản phẩm khác']
Thời trang nữ,"Set trang phục, jumpsuit",Bộ quần áo thể thao,['Bộ quần áo thể thao']
Thời trang nữ,"Set trang phục, jumpsuit",Jumpsuit,['Jumpsuit']
Thời trang nữ,"Set trang phục, jumpsuit",Áo và chân váy,['Áo và chân váy']
Thời trang nữ,"Set trang phục, jumpsuit",Áo và quần culottes,['Áo và quần culottes']
Thời trang nữ,"Set trang phục, jumpsuit",Áo và quần dài,['Áo và quần dài']
Thời trang nữ,"Set trang phục, jumpsuit",Áo và quần giả váy,['Áo và quần giả váy']
Thời trang nữ,"Set trang phục, jumpsuit",Áo và quần lửng,['Áo và quần lửng']
Thời trang nữ,"Set trang phục, jumpsuit",Áo và quần ngắn,['Áo và quần ngắn']
Thời trang nữ,Trang phục cưới,Váy cưới,['Váy cưới']
Thời trang nữ,Trang phục cưới,Áo cưới,['Áo cưới']
Thời trang nữ,Trang phục cưới,Áo dài,['Áo dài']
Thời trang nữ,Trang phục nữ,Sản phẩm khác,['Sản phẩm khác']
Thời trang nữ,Trang phục nữ,Vũ khí tập luyện,['Vũ khí tập luyện']
Thời trang nữ,Trang phục nữ,"Áo Vest, Blazer","['Áo Vest, Blazer']"
Thời trang nữ,Trang phục nữ,Áo khoác,['Áo khoác']
Thời trang nữ,Trang sức,Bông tai,['Bông tai']
Thời trang nữ,Trang sức,Bộ trang sức,['Bộ trang sức']
Thời trang nữ,Trang sức,Cài tóc,['Cài tóc']
Thời trang nữ,Trang sức,Kẹp áo,['Kẹp áo']
Thời trang nữ,Trang sức,Lắc chân,['Lắc chân']
Thời trang nữ,Trang sức,Nhẫn,['Nhẫn']
Thời trang nữ,Trang sức,Sản phẩm khác,['Sản phẩm khác']
Thời trang nữ,Trang sức,Vòng cổ,['Vòng cổ']
Thời trang nữ,Trang sức,Vòng tay,['Vòng tay']
Thời trang nữ,Áo khoác,Áo ghi lê,['Áo ghi lê']
Thời trang nữ,Áo khoác,Áo khoác chống nắng,['Áo khoác chống nắng']
Thời trang nữ,Áo khoác,Áo khoác cách điệu,['Áo khoác cách điệu']
Thời trang nữ,Áo khoác,Áo khoác da,['Áo khoác da']
Thời trang nữ,Áo khoác,"Áo khoác dạ, măng tô, áo choàng","['Áo khoác dạ, măng tô, áo choàng']"
Thời trang nữ,Áo khoác,Áo khoác jean,['Áo khoác jean']
Thời trang nữ,Áo khoác,Áo khoác khác,['Áo khoác khác']
Thời trang nữ,Áo khoác,"Áo khoác len, cardigan","['Áo khoác len, cardigan']"
Thời trang nữ,Áo khoác,Áo khoác lửng,['Áo khoác lửng']
Thời trang nữ,Áo khoác,Áo khoác phao,['Áo khoác phao']
Thời trang nữ,Áo khoác,Áo khoác thể thao,['Áo khoác thể thao']
Thời trang nữ,Áo khoác,"Áo khoác vest, blazer","['Áo khoác vest, blazer']"
Thời trang nữ,Áo khoác,Áo khoác đôi,['Áo khoác đôi']
Thời trang nữ,Áo nữ,Sản phẩm khác,['Sản phẩm khác']
Thời trang nữ,Áo nữ,Áo denim,['Áo denim']
Thời trang nữ,Áo nữ,Áo dài,['Áo dài']
Thời trang nữ,Áo nữ,"Áo hai dây, áo quây","['Áo hai dây, áo quây']"
Thời trang nữ,Áo nữ,Áo kiểu,['Áo kiểu']
Thời trang nữ,Áo nữ,Áo len,['Áo len']
Thời trang nữ,Áo nữ,Áo sơ mi công sở,['Áo sơ mi công sở']
Thời trang nữ,Áo nữ,Áo thun có tay,['Áo thun có tay']
Thời trang nữ,Áo nữ,Áo thun không tay,['Áo thun không tay']
Thời trang nữ,Áo nữ,Áo thể thao nữ,['Áo thể thao nữ']
Thời trang nữ,Áo nữ,Áo đôi,['Áo đôi']
Thời trang nữ,Đầm,Đầm xòe,['Đầm xòe']
Thời trang nữ,"Đầm, váy",Sản phẩm khác,['Sản phẩm khác']
Thời trang nữ,"Đầm, váy",Đầm denim,['Đầm denim']
Thời trang nữ,"Đầm, váy",Đầm dạ hội,['Đầm dạ hội']
Thời trang nữ,"Đầm, váy",Đầm maxi,['Đầm maxi']
Thời trang nữ,"Đầm, váy",Đầm suông,['Đầm suông']
Thời trang nữ,"Đầm, váy",Đầm xòe,['Đầm xòe']
Thời trang nữ,"Đầm, váy",Đầm xếp ly,['Đầm xếp ly']
Thời trang nữ,"Đầm, váy",Đầm ôm,['Đầm ôm']
Thời trang nữ,Đồ bơi,Bikini,['Bikini']
Thời trang nữ,Đồ bơi,Khăn tắm,['Khăn tắm']
Thời trang nữ,Đồ bơi,Kính bơi,['Kính bơi']
Thời trang nữ,Đồ bơi,Một mảnh,['Một mảnh']
Thời trang nữ,Đồ bơi,Phụ kiện bơi,['Phụ kiện bơi']
Thời trang nữ,Đồ bơi,"Quần áo, váy đi biển","['Quần áo, váy đi biển']"
Thời trang nữ,Đồ bơi,Sản phẩm khác,['Sản phẩm khác']
Thời trang nữ,"Đồ bơi, đồ đi biển",Bikini,['Bikini']
Thời trang nữ,"Đồ bơi, đồ đi biển",Khăn tắm,['Khăn tắm']
Thời trang nữ,"Đồ bơi, đồ đi biển",Kính bơi,['Kính bơi']
Thời trang nữ,"Đồ bơi, đồ đi biển",Một mảnh,['Một mảnh']
Thời trang nữ,"Đồ bơi, đồ đi biển",Phụ kiện bơi,['Phụ kiện bơi']
Thời trang nữ,"Đồ bơi, đồ đi biển","Quần áo, váy đi biển","['Quần áo, váy đi biển']"
Thời trang nữ,"Đồ bơi, đồ đi biển",Sản phẩm khác,['Sản phẩm khác']
Thời trang nữ,"Đồ bơi, đồ đi biển",Đồ đôi đi biển,['Đồ đôi đi biển']
Thời trang nữ,"Đồ lót, đồ ngủ và đồ mặc nhà",Phụ kiện áo ngực,['Phụ kiện áo ngực']
Thời trang nữ,"Đồ lót, đồ ngủ và đồ mặc nhà",Quần lót,['Quần lót']
Thời trang nữ,"Đồ lót, đồ ngủ và đồ mặc nhà",Quần ngủ,['Quần ngủ']
Thời trang nữ,"Đồ lót, đồ ngủ và đồ mặc nhà",Sản phẩm khác,['Sản phẩm khác']
Thời trang nữ,"Đồ lót, đồ ngủ và đồ mặc nhà",Váy ngủ,['Váy ngủ']
Thời trang nữ,"Đồ lót, đồ ngủ và đồ mặc nhà",Áo ngủ nữ,['Áo ngủ nữ']
Thời trang nữ,"Đồ lót, đồ ngủ và đồ mặc nhà",Áo ngực,['Áo ngực']
Thời trang nữ,"Đồ lót, đồ ngủ và đồ mặc nhà",Đầm mặc nhà,['Đầm mặc nhà']
Thời trang nữ,"Đồ lót, đồ ngủ và đồ mặc nhà","Đồ bộ mặc nhà, đồ ngủ bộ","['Đồ bộ mặc nhà, đồ ngủ bộ']"
Thời trang nữ,"Đồ lót, đồ ngủ và đồ mặc nhà",Đồ lót bộ,['Đồ lót bộ']
Thực phẩm,"Bánh, mứt",Bánh chocolate,['Bánh chocolate']
Thực phẩm,"Bánh, mứt","Bánh gạo, nui","['Bánh gạo, nui']"
Thực phẩm,"Bánh, mứt",Bánh hình con vật,['Bánh hình con vật']
Thực phẩm,"Bánh, mứt",Bánh quy,['Bánh quy']
Thực phẩm,"Bánh, mứt",Bánh trứng,['Bánh trứng']
Thực phẩm,"Bánh, mứt",Bánh từ các loại hạt,['Bánh từ các loại hạt']
Thực phẩm,"Bánh, mứt","Giỏ quà, hộp quà","['Giỏ quà, hộp quà']"
Thực phẩm,"Bánh, mứt",Khác,['Khác']
Thực phẩm,"Bánh, mứt",Mứt,['Mứt']
Thực phẩm,Các loại thực phẩm sấy khô,Các loại hạt sấy khô,['Các loại hạt sấy khô']
Thực phẩm,Các loại thực phẩm sấy khô,Khác,['Khác']
Thực phẩm,Các loại thực phẩm sấy khô,Rau củ quả sấy khô,['Rau củ quả sấy khô']
Thực phẩm,Các loại thực phẩm sấy khô,Thịt sấy khô,['Thịt sấy khô']
Thực phẩm,Các loại thực phẩm sấy khô,Thủy hải sản sấy khô,['Thủy hải sản sấy khô']
Thực phẩm,Gia vị,Gia vị dùng ăn liền,['Gia vị dùng ăn liền']
Thực phẩm,Gia vị,Gia vị dùng để nấu,['Gia vị dùng để nấu']
Thực phẩm,Kẹo,Khác,['Khác']
Thực phẩm,Kẹo,Kẹo cao su,['Kẹo cao su']
Thực phẩm,Kẹo,"Kẹo chocolate, caramen, cafe","['Kẹo chocolate, caramen, cafe']"
Thực phẩm,Kẹo,Kẹo dẻo,['Kẹo dẻo']
Thực phẩm,Kẹo,Kẹo trái cây,['Kẹo trái cây']
Thực phẩm,Kẹo,Kẹo từ các loại hạt,['Kẹo từ các loại hạt']
Thực phẩm,Nguyên liệu,Khác,['Khác']
Thực phẩm,Nguyên liệu,Nguyên liệu làm bánh,['Nguyên liệu làm bánh']
Thực phẩm,Ngũ cốc và sản phẩm từ ngũ cốc,Bột,['Bột']
Thực phẩm,Ngũ cốc và sản phẩm từ ngũ cốc,Gạo và các loại hạt,['Gạo và các loại hạt']
Thực phẩm,Ngũ cốc và sản phẩm từ ngũ cốc,Khác,['Khác']
Thực phẩm,Ngũ cốc và sản phẩm từ ngũ cốc,Ngũ cốc ăn liền,['Ngũ cốc ăn liền']
Thực phẩm,Sữa và thực phẩm từ sữa,Bơ,['Bơ']
Thực phẩm,Sữa và thực phẩm từ sữa,Khác,['Khác']
Thực phẩm,Sữa và thực phẩm từ sữa,Sữa bột,['Sữa bột']
Thực phẩm,Sữa và thực phẩm từ sữa,Sữa cho người ăn kiêng,['Sữa cho người ăn kiêng']
Thực phẩm,Sữa và thực phẩm từ sữa,Sữa chua,['Sữa chua']
Thực phẩm,Sữa và thực phẩm từ sữa,Váng sữa,['Váng sữa']
Thực phẩm,Sữa và thực phẩm từ sữa,phô mai,['phô mai']
Thực phẩm,Thực phẩm đóng hộp,Khác,['Khác']
Thực phẩm,Thực phẩm đóng hộp,Rau củ quả,['Rau củ quả']
Thực phẩm,Thực phẩm đóng hộp,Thịt,['Thịt']
Thực phẩm,Thực phẩm đóng hộp,Thủy hải sản,['Thủy hải sản']
Thực phẩm,Đồ uống,Cafe,['Cafe']
Thực phẩm,Đồ uống,Khác,['Khác']
Thực phẩm,Đồ uống,Nước ngọt,['Nước ngọt']
Thực phẩm,Đồ uống,Nước trái cây,['Nước trái cây']
Thực phẩm,Đồ uống,Trà,['Trà']
Túi xách,Balo,Balo khác,['Balo khác']
Túi xách,Balo,Balo nam,['Balo nam']
Túi xách,Balo,Balo nữ,['Balo nữ']
Túi xách,"Túi laptop, ipad, điện thoại","Balo, túi đựng laptop","['Balo, túi đựng laptop']"
Túi xách,"Túi laptop, ipad, điện thoại",Túi đựng ipad,['Túi đựng ipad']
Túi xách,"Túi laptop, ipad, điện thoại",Túi đựng khác,['Túi đựng khác']
Túi xách,"Túi laptop, ipad, điện thoại",Ví đựng điện thoại,['Ví đựng điện thoại']
Túi xách,Túi xách nam,"Túi bao tử, túi đeo bụng","['Túi bao tử, túi đeo bụng']"
Túi xách,Túi xách nam,Túi xách nam khác,['Túi xách nam khác']
Túi xách,Túi xách nam,"Túi xách tay, cặp nam","['Túi xách tay, cặp nam']"
Túi xách,Túi xách nam,Túi đeo chéo nam,['Túi đeo chéo nam']
Túi xách,Túi xách nữ,Bộ túi xách,['Bộ túi xách']
Túi xách,Túi xách nữ,"Túi bản to, đeo vai","['Túi bản to, đeo vai']"
Túi xách,Túi xách nữ,"Túi xách handmade, thổ cẩm","['Túi xách handmade, thổ cẩm']"
Túi xách,Túi xách nữ,Túi xách nữ khác,['Túi xách nữ khác']
Túi xách,Túi xách nữ,Túi xách tay nữ,['Túi xách tay nữ']
Túi xách,Túi xách nữ,Túi đeo chéo nữ,['Túi đeo chéo nữ']
Túi xách,Vali - Túi xách du lịch,"Balo, túi xách du lịch","['Balo, túi xách du lịch']"
Túi xách,Vali - Túi xách du lịch,Bộ vali,['Bộ vali']
Túi xách,Vali - Túi xách du lịch,Túi du lịch tiện ích,['Túi du lịch tiện ích']
Túi xách,Vali - Túi xách du lịch,Vali - Túi du lịch khác,['Vali - Túi du lịch khác']
Túi xách,Vali - Túi xách du lịch,Vali cứng,['Vali cứng']
Túi xách,Vali - Túi xách du lịch,Vali mềm,['Vali mềm']
Túi xách,"Ví, bóp nam","Ví cầm tay, clutch nam","['Ví cầm tay, clutch nam']"
Túi xách,"Ví, bóp nam","Ví, bóp nam khác","['Ví, bóp nam khác']"
Túi xách,"Ví, bóp nam","Ví, bóp tiền nam","['Ví, bóp tiền nam']"
Túi xách,"Ví, bóp nam","Ví, hộp đựng name card","['Ví, hộp đựng name card']"
Túi xách,"Ví, bóp nữ","Ví cầm tay, clutch nữ","['Ví cầm tay, clutch nữ']"
Túi xách,"Ví, bóp nữ",Ví passport,['Ví passport']
Túi xách,"Ví, bóp nữ","Ví, bóp nữ khác","['Ví, bóp nữ khác']"
Túi xách,"Ví, bóp nữ","Ví, bóp tiền nữ","['Ví, bóp tiền nữ']"
Đồ chơi,"Búp bê, thú bông",Búp bê,['Búp bê']
Đồ chơi,"Búp bê, thú bông",Máy nuôi thú ảo,['Máy nuôi thú ảo']
Đồ chơi,"Búp bê, thú bông",Nhà búp bê,['Nhà búp bê']
Đồ chơi,"Búp bê, thú bông",Rối tay,['Rối tay']
Đồ chơi,"Búp bê, thú bông",Thú bông,['Thú bông']
Đồ chơi,"Búp bê, thú bông",Đồ hàng,['Đồ hàng']
Đồ chơi,"Hoạt động ngoài trời, pinic",Bóng và dụng cụ,['Bóng và dụng cụ']
Đồ chơi,"Hoạt động ngoài trời, pinic","Bơi lội, tắm biển","['Bơi lội, tắm biển']"
Đồ chơi,"Hoạt động ngoài trời, pinic",Các loại đồ chơi vận động,['Các loại đồ chơi vận động']
Đồ chơi,"Hoạt động ngoài trời, pinic","Leo núi, cắm trại","['Leo núi, cắm trại']"
Đồ chơi,"Hoạt động ngoài trời, pinic","Patin, ván trượt và phụ kiện","['Patin, ván trượt và phụ kiện']"
Đồ chơi,"Hoạt động ngoài trời, pinic",Xe các loại,['Xe các loại']
Đồ chơi,"Hoạt động ngoài trời, pinic",Đồ câu cá,['Đồ câu cá']
Đồ chơi,"Hóa trang, cosplay",Mô hình nhân vật,['Mô hình nhân vật']
Đồ chơi,"Hóa trang, cosplay",Mặt nạ,['Mặt nạ']
Đồ chơi,"Hóa trang, cosplay",Súng đồ chơi,['Súng đồ chơi']
Đồ chơi,"Hóa trang, cosplay",Trang phục,['Trang phục']
Đồ chơi,"Hóa trang, cosplay",Vật phẩm,['Vật phẩm']
Đồ chơi,"Hóa trang, cosplay",Đồ chơi đao kiếm,['Đồ chơi đao kiếm']
Đồ chơi,"Hóa trang, cosplay",Ảo thuật,['Ảo thuật']
Đồ chơi,Mô hình đồ chơi,Mô hình công trình,['Mô hình công trình']
Đồ chơi,Mô hình đồ chơi,Mô hình máy bay,['Mô hình máy bay']
Đồ chơi,Mô hình đồ chơi,Mô hình tàu thủy,['Mô hình tàu thủy']
Đồ chơi,Mô hình đồ chơi,Mô hình xe lửa,['Mô hình xe lửa']
Đồ chơi,Mô hình đồ chơi,Mô hình xe ô tô,['Mô hình xe ô tô']
Đồ chơi,Trò chơi,Board games,['Board games']
Đồ chơi,Trò chơi,Các loại cờ,['Các loại cờ']
Đồ chơi,Trò chơi,Các trò khác,['Các trò khác']
Đồ chơi,Trò chơi,Thẻ bài,['Thẻ bài']
Đồ chơi,Trò chơi,"Đồ chơi xúc xắc, xí ngầu","['Đồ chơi xúc xắc, xí ngầu']"
Đồ chơi,Đồ chơi phát triển trí tuệ,Dụng cụ học tập,['Dụng cụ học tập']
Đồ chơi,Đồ chơi phát triển trí tuệ,Dụng cụ thanh nhạc,['Dụng cụ thanh nhạc']
Đồ chơi,Đồ chơi phát triển trí tuệ,Máy học tập đa năng,['Máy học tập đa năng']
Đồ chơi,Đồ chơi phát triển trí tuệ,"Sách, truyện","['Sách, truyện']"
Đồ chơi,Đồ chơi phát triển trí tuệ,Xếp hình 3D,['Xếp hình 3D']
Đồ chơi,Đồ chơi phát triển trí tuệ,Đồ chơi lắp ráp,['Đồ chơi lắp ráp']
Đồ chơi,Đồ chơi phát triển trí tuệ,"Đồ chơi phát nhạc, kể chuyện","['Đồ chơi phát nhạc, kể chuyện']"
Đồ chơi,Đồ chơi phát triển trí tuệ,Đồ chơi toán học,['Đồ chơi toán học']
Đồ chơi,Đồ chơi phát triển trí tuệ,"Đồ học vẽ, mỹ thuật, thủ công","['Đồ học vẽ, mỹ thuật, thủ công']"
Đồ chơi,Đồ chơi điều khiển từ xa,Các phụ kiện đồ chơi điều khiển,['Các phụ kiện đồ chơi điều khiển']
Đồ chơi,Đồ chơi điều khiển từ xa,Khác,['Khác']
Đồ chơi,Đồ chơi điều khiển từ xa,"Máy bay, trực thăng","['Máy bay, trực thăng']"
Đồ chơi,Đồ chơi điều khiển từ xa,"Rô bốt, động vật","['Rô bốt, động vật']"
Đồ chơi,Đồ chơi điều khiển từ xa,"Tàu thủy, tàu ngầm","['Tàu thủy, tàu ngầm']"
Đồ chơi,Đồ chơi điều khiển từ xa,Xe lửa,['Xe lửa']
Đồ chơi,Đồ chơi điều khiển từ xa,Ô tô,['Ô tô']
Đồ chơi,Đồ chơi điều khiển từ xa,Đồ chơi cảm biến hồng ngoại,['Đồ chơi cảm biến hồng ngoại']
Đồ dùng trong nhà,"Dụng cụ làm bánh, kem",Dụng cụ làm bánh khác,['Dụng cụ làm bánh khác']
Đồ dùng trong nhà,"Dụng cụ làm bánh, kem",Máy làm sữa chua,['Máy làm sữa chua']
Đồ dùng trong nhà,"Dụng cụ làm bánh, kem","Máy và khuôn, khay làm bánh","['Máy và khuôn, khay làm bánh']"
Đồ dùng trong nhà,"Dụng cụ làm bánh, kem",Máy đánh trứng,['Máy đánh trứng']
Đồ dùng trong nhà,"Dụng cụ làm bánh, kem","Máy, khuôn và dụng cụ làm kem","['Máy, khuôn và dụng cụ làm kem']"
Đồ dùng trong nhà,Thiết bị và dụng cụ sửa chữa,Bộ dụng cụ đa năng,['Bộ dụng cụ đa năng']
Đồ dùng trong nhà,Thiết bị và dụng cụ sửa chữa,Dụng cụ tháo ráp,['Dụng cụ tháo ráp']
Đồ dùng trong nhà,Thiết bị và dụng cụ sửa chữa,"Kéo, nhíp, cưa, kềm","['Kéo, nhíp, cưa, kềm']"
Đồ dùng trong nhà,Thiết bị và dụng cụ sửa chữa,"Máy cắt, máy mài","['Máy cắt, máy mài']"
Đồ dùng trong nhà,Thiết bị và dụng cụ sửa chữa,Máy hàn,['Máy hàn']
Đồ dùng trong nhà,Thiết bị và dụng cụ sửa chữa,Máy khoan,['Máy khoan']
Đồ dùng trong nhà,Thiết bị và dụng cụ sửa chữa,Máy vặn vít,['Máy vặn vít']
Đồ dùng trong nhà,Thiết bị và dụng cụ sửa chữa,Súng bắn keo,['Súng bắn keo']
Đồ dùng trong nhà,Thiết bị và dụng cụ sửa chữa,Thiết bị dụng cụ sửa chữa khác,['Thiết bị dụng cụ sửa chữa khác']
Đồ dùng trong nhà,"Vệ sinh, chăm sóc nhà cửa",Dung dịch tẩy,['Dung dịch tẩy']
Đồ dùng trong nhà,"Vệ sinh, chăm sóc nhà cửa","Dụng cụ và nước lau nhà, kính","['Dụng cụ và nước lau nhà, kính']"
Đồ dùng trong nhà,"Vệ sinh, chăm sóc nhà cửa",Máy hút bụi,['Máy hút bụi']
Đồ dùng trong nhà,"Vệ sinh, chăm sóc nhà cửa","Nước, cục tẩy bồn cầu","['Nước, cục tẩy bồn cầu']"
Đồ dùng trong nhà,"Vệ sinh, chăm sóc nhà cửa","Nước, xà bông rửa tay","['Nước, xà bông rửa tay']"
Đồ dùng trong nhà,"Vệ sinh, chăm sóc nhà cửa","Nước, xà phòng giặt và xả","['Nước, xà phòng giặt và xả']"
Đồ dùng trong nhà,"Vệ sinh, chăm sóc nhà cửa",Sản phẩm vệ sinh chăm sóc khác,['Sản phẩm vệ sinh chăm sóc khác']
Đồ dùng trong nhà,"Vệ sinh, chăm sóc nhà cửa",Thiết bị đuổi bắt và dung dịch diệt côn trùng,['Thiết bị đuổi bắt và dung dịch diệt côn trùng']
Đồ dùng trong nhà,"Vệ sinh, chăm sóc nhà cửa","Túi, banh giặt","['Túi, banh giặt']"
Đồ dùng trong nhà,"Vệ sinh, chăm sóc nhà cửa",Vòi xịt rửa,['Vòi xịt rửa']
Đồ dùng trong nhà,"Vệ sinh, chăm sóc nhà cửa",Xử lý rác,['Xử lý rác']
Đồ dùng trong nhà,Đồ dùng nhà bếp,Bếp ga,['Bếp ga']
Đồ dùng trong nhà,Đồ dùng nhà bếp,Chảo,['Chảo']
Đồ dùng trong nhà,Đồ dùng nhà bếp,"Dao, kéo, thớt","['Dao, kéo, thớt']"
Đồ dùng trong nhà,Đồ dùng nhà bếp,Dụng cụ chế biến rau củ,['Dụng cụ chế biến rau củ']
Đồ dùng trong nhà,Đồ dùng nhà bếp,Dụng cụ nhà bếp khác,['Dụng cụ nhà bếp khác']
Đồ dùng trong nhà,Đồ dùng nhà bếp,Dụng cụ và nước rửa chén,['Dụng cụ và nước rửa chén']
Đồ dùng trong nhà,Đồ dùng nhà bếp,"Giá, kệ để gọn đồ","['Giá, kệ để gọn đồ']"
Đồ dùng trong nhà,Đồ dùng nhà bếp,"Hộp, lọ, khay đựng thực phẩm gia vị","['Hộp, lọ, khay đựng thực phẩm gia vị']"
Đồ dùng trong nhà,Đồ dùng nhà bếp,"Khuôn làm bún, mì sợi, giò chả, sushi","['Khuôn làm bún, mì sợi, giò chả, sushi']"
Đồ dùng trong nhà,Đồ dùng nhà bếp,"Màng bọc, túi bảo quản thực phẩm","['Màng bọc, túi bảo quản thực phẩm']"
Đồ dùng trong nhà,Đồ dùng nhà bếp,Nồi,['Nồi']
Đồ dùng trong nhà,Đồ dùng nhà bếp,"Nồi áp suất, nồi ủ","['Nồi áp suất, nồi ủ']"
Đồ dùng trong nhà,Đồ dùng phòng ngủ,Bộ chăn ga gối đệm,['Bộ chăn ga gối đệm']
Đồ dùng trong nhà,Đồ dùng phòng ngủ,"Chăn, mền, chiếu","['Chăn, mền, chiếu']"
Đồ dùng trong nhà,Đồ dùng phòng ngủ,Ga chống thấm,['Ga chống thấm']
Đồ dùng trong nhà,Đồ dùng phòng ngủ,Gối,['Gối']
Đồ dùng trong nhà,Đồ dùng phòng ngủ,"Mùng, rèm","['Mùng, rèm']"
Đồ dùng trong nhà,Đồ dùng phòng ngủ,Nệm,['Nệm']
Đồ dùng trong nhà,Đồ dùng phòng ngủ,Sản phẩm phòng ngủ khác,['Sản phẩm phòng ngủ khác']
Đồ dùng trong nhà,Đồ dùng phòng ngủ,Vỏ gối,['Vỏ gối']
Đồ dùng trong nhà,"Đồ dùng phòng tắm, vệ sinh","Giá, móc, kệ phòng tắm","['Giá, móc, kệ phòng tắm']"
Đồ dùng trong nhà,"Đồ dùng phòng tắm, vệ sinh",Khăn mặt và tắm,['Khăn mặt và tắm']
Đồ dùng trong nhà,"Đồ dùng phòng tắm, vệ sinh",Vòi sen,['Vòi sen']
Đồ dùng trong nhà,"Đồ dùng phòng tắm, vệ sinh",Đồ dùng phòng tắm khác,['Đồ dùng phòng tắm khác']
Đồ dùng trong nhà,"Đồ dùng phòng ăn, uống",Bình và ly giữ nhiệt,['Bình và ly giữ nhiệt']
Đồ dùng trong nhà,"Đồ dùng phòng ăn, uống","Bình, ly, bộ ly tách","['Bình, ly, bộ ly tách']"
Đồ dùng trong nhà,"Đồ dùng phòng ăn, uống","Dụng cụ mở rượu, đồ hộp","['Dụng cụ mở rượu, đồ hộp']"
Đồ dùng trong nhà,"Đồ dùng phòng ăn, uống",Khác,['Khác']
Đồ dùng trong nhà,"Đồ dùng phòng ăn, uống",Khăn trãi bàn,['Khăn trãi bàn']
Đồ dùng trong nhà,"Đồ dùng phòng ăn, uống","Muỗng, đũa, nĩa, dao ăn","['Muỗng, đũa, nĩa, dao ăn']"
Đồ dùng trong nhà,"Đồ dùng phòng ăn, uống","Tô, chén, đĩa","['Tô, chén, đĩa']"
Đồ dùng trong nhà,Đồ dùng sinh hoạt,Hộp đựng cơm và túi giữ nhiệt,['Hộp đựng cơm và túi giữ nhiệt']
Đồ dùng trong nhà,Đồ dùng sinh hoạt,"Màn, rèm cửa","['Màn, rèm cửa']"
Đồ dùng trong nhà,Đồ dùng sinh hoạt,"Máy, bình lọc nước","['Máy, bình lọc nước']"
Đồ dùng trong nhà,Đồ dùng sinh hoạt,Móc treo,['Móc treo']
Đồ dùng trong nhà,Đồ dùng sinh hoạt,Thảm lót chân,['Thảm lót chân']
Đồ dùng trong nhà,Đồ dùng sinh hoạt,"Tủ vải, hộp, thùng đựng đồ","['Tủ vải, hộp, thùng đựng đồ']"
Đồ dùng trong nhà,Đồ dùng sinh hoạt,Vệ sinh cá nhân,['Vệ sinh cá nhân']
Đồ dùng trong nhà,Đồ dùng sinh hoạt,Đồ dùng sinh hoạt khác,['Đồ dùng sinh hoạt khác']
Đồ dùng trong nhà,Đồ dùng sinh hoạt,Đồ đi mưa,['Đồ đi mưa']
Đồ dùng trong nhà,Đồ dùng sinh hoạt,Ổ khóa,['Ổ khóa']
Đồ điện gia dụng,Thiết bị chiếu sáng,"Pin, sạc pin thông dụng","['Pin, sạc pin thông dụng']"
Đồ điện gia dụng,Thiết bị chiếu sáng,Thiết bị chiếu sáng khác,['Thiết bị chiếu sáng khác']
Đồ điện gia dụng,Thiết bị chiếu sáng,Đèn led,['Đèn led']
Đồ điện gia dụng,Thiết bị chiếu sáng,Đèn ngủ,['Đèn ngủ']
Đồ điện gia dụng,Thiết bị chiếu sáng,Đèn pha,['Đèn pha']
Đồ điện gia dụng,Thiết bị chiếu sáng,Đèn pin,['Đèn pin']
Đồ điện gia dụng,Thiết bị chiếu sáng,Đèn sạc,['Đèn sạc']
Đồ điện gia dụng,Thiết bị chiếu sáng,"Đèn treo tường, trần","['Đèn treo tường, trần']"
Đồ điện gia dụng,Thiết bị chiếu sáng,Đèn để bàn,['Đèn để bàn']
Đồ điện gia dụng,"Thiết bị nhà bếp, chế biến","Bình đun nước, bình thủy điện","['Bình đun nước, bình thủy điện']"
Đồ điện gia dụng,"Thiết bị nhà bếp, chế biến","Bếp hồng ngoại, điện từ","['Bếp hồng ngoại, điện từ']"
Đồ điện gia dụng,"Thiết bị nhà bếp, chế biến",Lò vi sóng,['Lò vi sóng']
Đồ điện gia dụng,"Thiết bị nhà bếp, chế biến",Lẩu điện,['Lẩu điện']
Đồ điện gia dụng,"Thiết bị nhà bếp, chế biến",Máy hút mùi,['Máy hút mùi']
Đồ điện gia dụng,"Thiết bị nhà bếp, chế biến",Máy làm sữa đậu nành,['Máy làm sữa đậu nành']
Đồ điện gia dụng,"Thiết bị nhà bếp, chế biến",Máy pha cà phê,['Máy pha cà phê']
Đồ điện gia dụng,"Thiết bị nhà bếp, chế biến",Máy vắt cam,['Máy vắt cam']
Đồ điện gia dụng,"Thiết bị nhà bếp, chế biến",Máy xay cầm tay,['Máy xay cầm tay']
Đồ điện gia dụng,"Thiết bị nhà bếp, chế biến",Máy xay sinh tố,['Máy xay sinh tố']
Đồ điện gia dụng,"Thiết bị nhà bếp, chế biến",Máy ép trái cây,['Máy ép trái cây']
Đồ điện gia dụng,"Thiết bị nhà bếp, chế biến",Nồi chiên,['Nồi chiên']
Đồ điện gia dụng,"Thiết bị nhà bếp, chế biến",Nồi cơm điện,['Nồi cơm điện']
Đồ điện gia dụng,"Thiết bị nhà bếp, chế biến",Nồi áp suất điện,['Nồi áp suất điện']
Đồ điện gia dụng,"Thiết bị nhà bếp, chế biến",Nồi điện đa năng,['Nồi điện đa năng']
Đồ điện gia dụng,"Thiết bị nhà bếp, chế biến","Thiết bị nhà bếp, chế biến khác","['Thiết bị nhà bếp, chế biến khác']"
Đồ điện gia dụng,"Thiết bị nhà bếp, chế biến",Thiết bị nướng,['Thiết bị nướng']
Đồ điện gia dụng,Thiết bị sử dụng trong nhà,Bàn ủi,['Bàn ủi']
Đồ điện gia dụng,Thiết bị sử dụng trong nhà,Bàn ủi hơi nước,['Bàn ủi hơi nước']
Đồ điện gia dụng,Thiết bị sử dụng trong nhà,Chuông và camera,['Chuông và camera']
Đồ điện gia dụng,Thiết bị sử dụng trong nhà,Công tắc và ổ cắm điện,['Công tắc và ổ cắm điện']
Đồ điện gia dụng,Thiết bị sử dụng trong nhà,Máy may,['Máy may']
Đồ điện gia dụng,Thiết bị sử dụng trong nhà,Thiết bị sử dụng trong nhà khác,['Thiết bị sử dụng trong nhà khác']
Đồ điện gia dụng,Thiết bị điều hòa không khí,"Máy hút ẩm, phun sương","['Máy hút ẩm, phun sương']"
Đồ điện gia dụng,Thiết bị điều hòa không khí,Máy lọc không khí,['Máy lọc không khí']
Đồ điện gia dụng,Thiết bị điều hòa không khí,Quạt hơi nước,['Quạt hơi nước']
Đồ điện gia dụng,Thiết bị điều hòa không khí,Quạt không cánh,['Quạt không cánh']
Đồ điện gia dụng,Thiết bị điều hòa không khí,Quạt mini để bàn,['Quạt mini để bàn']
Đồ điện gia dụng,Thiết bị điều hòa không khí,Quạt sưởi,['Quạt sưởi']
Đồ điện gia dụng,Thiết bị điều hòa không khí,Quạt sạc,['Quạt sạc']
Đồ điện gia dụng,Thiết bị điều hòa không khí,Quạt treo tường,['Quạt treo tường']
Đồ điện gia dụng,Thiết bị điều hòa không khí,Quạt xoay treo trần,['Quạt xoay treo trần']
Đồ điện gia dụng,Thiết bị điều hòa không khí,Quạt đứng,['Quạt đứng']
Đồ điện gia dụng,Thiết bị điều hòa không khí,Thiết bị điều hòa không khí khác,['Thiết bị điều hòa không khí khác']
Đồng hồ,Phụ kiện đồng hồ,Dây đồng hồ,['Dây đồng hồ']
Đồng hồ,Phụ kiện đồng hồ,Dụng cụ sửa chữa đồng hồ,['Dụng cụ sửa chữa đồng hồ']
Đồng hồ,Phụ kiện đồng hồ,Hộp đồng hồ,['Hộp đồng hồ']
Đồng hồ,Phụ kiện đồng hồ,Pin đồng hồ,['Pin đồng hồ']
Đồng hồ,Đồng hồ cho bé,Đồng hồ bé gái,['Đồng hồ bé gái']
Đồng hồ,Đồng hồ cho bé,Đồng hồ bé trai,['Đồng hồ bé trai']
Đồng hồ,Đồng hồ khác,Đồng hồ quả quýt,['Đồng hồ quả quýt']
Đồng hồ,Đồng hồ khác,Đồng hồ thông minh,['Đồng hồ thông minh']
Đồng hồ,Đồng hồ khác,Đồng hồ đôi,['Đồng hồ đôi']
Đồng hồ,Đồng hồ nam,Đồng hồ kim,['Đồng hồ kim']
Đồng hồ,Đồng hồ nam,Đồng hồ lộ máy,['Đồng hồ lộ máy']
Đồng hồ,Đồng hồ nam,Đồng hồ thể thao,['Đồng hồ thể thao']
Đồng hồ,Đồng hồ nam,Đồng hồ điện tử,['Đồng hồ điện tử']
Đồng hồ,Đồng hồ nữ,Đồng hồ thời trang,['Đồng hồ thời trang']
Đồng hồ,Đồng hồ nữ,"Đồng hồ vòng tay, lắc dây","['Đồng hồ vòng tay, lắc dây']"
